Unnamed: 0,Datetime,Tweet Id,Text,Username,date
9900,2023-01-30 13:23:10+00:00,1.6200499860073185e+18,"Trending: Nasdaq 100

$AMZN -0.60 %
$TSLA 0.65 %
$INTC -1.53 %
$NVDA -1.69 %
$SBUX -1.14 %
$LCID 8.59 %
$AMD -0.76 %
$NXPI -1.49 %
$EA -0.68 %
$AAPL -0.61 %

https://t.co/WV3qS0l6fi",FrenzyCapital,2023-01-30
41832,2023-01-05 13:06:38+00:00,1.610986130329178e+18,"$nvda ''' Top analyst price target for  stocks for the week ---&gt;🚀 '''
https://t.co/6eJ86JSFa4",smith42916050,2023-01-05
87556,2022-12-02 12:57:54+00:00,1.5986627435399864e+18,"Don't miss the next move in a few hours: https://t.co/izlO7iGeSE

$SOL $BAND $CREAM $JASMY $LEVER 
$BTC $ETH $DOGE $BNB $XRP $MATIC 
$MASK $LTC $IQ $LINK $COSM
$SPY $NVDA $TSLA $DOCK $MASK $DYDX 
$OP $BURGER $TWT https://t.co/dzJmOFtpvH",Dominic42422840,2022-12-02
1368,2023-02-04 20:04:38+00:00,1.621962957025575e+18,$ABBV $AMZN $DIS $JNJ $LLY $META $NVDA $PFE $TSLA $UNH - 5 Best and Worst Performing Mega-Cap Stocks in January 2023 https://t.co/fuSDI6nznF,Beeken_health,2023-02-04
20639,2023-01-23 13:41:33+00:00,1.617517895818543e+18,"“Most winning trading community, Get next winning alerts here:https://t.co/ZBTRgq18CE

$SPY $QQQ $AMZN $NVDA $BA $TSLA $BABA $AMD https://t.co/tVjunIo9L8",Smith28301,2023-01-23
59354,2022-12-23 10:56:00+00:00,1.606242210680148e+18,"Stock Screener: New Lows | December 22

https://t.co/znljgbf9jb

$AAPL $AMZN $GOOG $MSFT $META $SNAP $TSLA $NIO $INTC $NVDA $AMD $JPM $BAC $V $MA $PYPL $SHOP $NFLX $DIS $BABA $TLRY $F $MRNA $NVAX $NKE $SPX $SPY $NDX $QQQ",BulldudeC,2022-12-23
72936,2022-12-13 11:43:02+00:00,1.6026301676833382e+18,"Und jetzt, wie versprochen, packen wir noch kurz den Rucksack 🎒 aus. Es ist wieder $NVDA . Da brate mir doch einer nen Storch, wenn man sich den Wochenchart ansieht. Gut geeignet für Kurz und lang. Mehr sag I net. @stockmum 🌸🌺 https://t.co/AS9eDIGT6u",stockmum,2022-12-13
10862,2023-01-29 11:11:55+00:00,1.6196545700153385e+18,"$nvda  Hay guys Don't miss for a limited time, we are opening our trading chat- room to the public..https://t.co/nrU2QrMnUi  🚀",HouseOfTraders6,2023-01-29
15220,2023-01-26 10:15:00+00:00,1.6185530797580288e+18,$NVDA Elliott Wave Bullish Sequence Favors Upside https://t.co/yQnArXzt06  #Elliottwave #NVDA #Stocks #Trading https://t.co/QW8rGdEdeK,ElliottForecast,2023-01-26
78550,2022-12-08 21:17:06+00:00,1.6009626982330737e+18,"There was one setup on $NVDA for me today but unfortunately I missed it. I scalped a small reversal off the daily fib on $SPY but nothing to phone home about. Multiple days of sitting on hands is always hard, and need to resist the urge to take B setups. #daytrading",OneTradeMan,2022-12-08
28858,2023-01-16 20:28:23+00:00,1.615083565645181e+18,"$nvda  ""Top analyst price target for next week
https://t.co/vEtdCbELsB",LillianGeary5,2023-01-16
38417,2023-01-08 13:38:08+00:00,1.612081218899542e+18,"**Most profitable trading community. Get up to 574% profits https://t.co/nbm9ktQ1Gl

$SPY $QQQ $AMZN $NVDA $BA $TSLA $BABA $AMD $AAPL $NFLX $TWTR $AAL $NIO $INO $OXY $CCL $FB $USO $DAL $TWLO $UGAZ $DIS $ROKU $TVIX $CRON $DJIA $SPX $TLRY $SQ $MSFT $GLD $SRNE https://t.co/tkw0ctbD5K",Ajith5930,2023-01-08
57397,2022-12-25 13:48:21+00:00,1.6070103625363907e+18,"$nvda Top analyst price target for next week.,,
https://t.co/jbkggPFX37",ClintPr13651203,2022-12-25
32513,2023-01-12 20:43:41+00:00,1.6136378641886986e+18,I’m short $NVDA here to $157 Current price $164.85.,David_Tracey,2023-01-12
27743,2023-01-17 17:03:53+00:00,1.615394489228755e+18,$NVDA Awaiting Short Signal based off 29 signals on the 30-min chart. Free Trial at https://t.co/emZsi1l8C5 https://t.co/6kSCbwwgvV,TradingChromat1,2023-01-17
85150,2022-12-03 16:34:45+00:00,1.5990797050887578e+18,"Top price gainers of the past hour

 (Top 100 market cap) ..💸
➡️https://t.co/VM0N8POW4w

$BTC $ETH $BNB $XRP $DOGE 
$LTC $HOOK $MATIC $LINK $CHZ 
$ACA $QLC $HOOK $MFT $JOE 
$OAX $MOB $COCOS $PHB $TWT 
$SPY $NVDA $TSLA $OP $AVXL $BA $QQQ https://t.co/5sUdF7oMD7",LeBronJ19571083,2022-12-03
22896,2023-01-20 20:57:47+00:00,1.616540515453014e+18,"acc +$17k 💰
week +$33k

kept this week simple + followed the momentum with size. 300k imminent 🚀 hagw!

1) $spy calls over yhod sold into $spx 3950
2) $spy rollup calls over 3950
3) $nvda calls over 171, locked profits otw to 178 tgt

ty for the trades + lvls @EliteOptions2 🔥 https://t.co/0YHWfjDIc4",FullPortOnly,2023-01-20
86987,2022-12-02 17:06:34+00:00,1.5987253217837425e+18,"learn trading, get alerts, ideas, updates, analysis ❤️❤️🙏🙏👇👇learn trading, get alerts, ideas, updates, analysis ❤️❤️🙏🙏👇👇
https://t.co/kxatvTVULu

$AMD $NVDA $TSLA $NDX $SPY $AAPL $BABA $NFLX $ROKU $BA $COST $MCD $WMT $FB $VIX $ES $DKNG $ADBE $UAVS $CETX $DGLY https://t.co/EolYUcrLne",philip30964,2022-12-02
17481,2023-01-24 19:34:42+00:00,1.617969159689896e+18,"Want to swing $NVDA short so bad, but $MSFT ER has me scared off. If it rips, no way NVDA takes the move I want.",RagsTrades4,2023-01-24
28451,2023-01-17 06:53:24+00:00,1.6152408553503089e+18,"$NVDA Top analyst price target for next week  ---&gt; 🚀
https://t.co/fAHgcZ9ZOr",jack87331410,2023-01-17
22121,2023-01-21 18:39:38+00:00,1.6168681368543764e+18,"4. Trading 100 Different Stocks

Trying to trade to many stocks leads to loss of focus, anxiety,  feelings of being lost and FOMO 

Learn a handful of stocks, how they trade and stick to them. 

My favorites are $AMD $AAPL $NVDA $SPY and $QQQ to name a few",RealJGBanks,2023-01-21
21549,2023-01-22 16:06:47+00:00,1.6171920580657684e+18,"$NVDA Leading the Semis.  185 next target then 190. 

held the 8D 

https://t.co/wLJFhWWGFU",OptionsMike,2023-01-22
48024,2022-12-31 06:42:29+00:00,1.609077515674583e+18,"$CEMI $SPY $TSLA $SHOP $AMZN $NVDA $ROKU $EBAY $AMD $BB $DAL $DOW $KODK $AAPL $ESE $SPCE $FCEL $TRIP $BYND
Most profitable trading COMMUNITY https://t.co/nbm9ktQzvT https://t.co/0NCJj8TvCn",Ajith5930,2022-12-31
34947,2023-01-11 05:39:06+00:00,1.6130478288841277e+18,"$nvda  Top analyst price target for the week.-.~
☛☛☛☛  https://t.co/vsnDFUbRYZ",KoeppLela,2023-01-11
68447,2022-12-16 05:53:50+00:00,1.6036294529861304e+18,"Was able to close it for a 100%profit.
 https://t.co/nbm9ktQ1Gl
Alert + update+ chatroom 📢📈💵

$SPY $TSLA $SHOP $AMZN $NVDA $ROKU $EBAY $AMD $BB $DAL $DOW $QQQ $ZNGA $AAPL $ESE $SPCE $FCEL $TRIP $BYND $MRNA $NOK $OXY $CCL $CRON $DGLY $HTZ $PENN $GMBL $CRM $BA $WKHS $INO $TWTR https://t.co/yGPnC1ux31",Ajith5930,2022-12-16
274,2023-02-06 01:32:37+00:00,1.6224078874976911e+18,$AAPL $NVDA $TSM $TSLA https://t.co/H7QoiW3iw9,Black_Sheep_Cap,2023-02-06
58292,2022-12-23 20:56:49+00:00,1.6063934114554388e+18,"$NVDA Top analyst price target for next week
 https://t.co/oj0WUb2RqW",MaryAnn08121861,2022-12-23
78342,2022-12-08 23:39:49+00:00,1.6009986132490527e+18,"DISCLAIMER: HIGH RISK #LottoFriday

Keep bets small. Risk what you can lose.

$CHWY 43C &gt;42.8 | 40.5P &lt;41.19
$KO 64C &gt;63.88 | 63P &lt;62.23
$NVDA 175C &gt;172.65 | 167.5P &lt;168.9

Good luck! 🎲 https://t.co/AMLVTTBwhY",ThetaWarrior,2022-12-08
85681,2022-12-03 09:00:01+00:00,1.5989652681933578e+18,"Best discord group over 80k members and even have their own app join here 
https://t.co/VM0N8POW4w

$BTC $ETH $BNB $XRP $DOGE 
$LTC $HOOK $MATIC $LINK $CHZ 
$ACA $QLC $HOOK $MFT $JOE 
$OAX $MOB $COCOS $PHB $TWT 
$SPY $NVDA $TSLA $OP $AVXL $BA $QQQk https://t.co/qCHnrl47x0",LeBronJ19571083,2022-12-03
42239,2023-01-05 03:01:31+00:00,1.6108338465341112e+18,"Most mentioned tickers in #WSB in last 1H

1. $TSLA (11)
2. $AMZN (11)
3. $TACO (5)
4. $SPY (4)
5. $BABA (4)
6. $TOP (3)
7. $NVDA (3)
8. $ES (3)
9. $WISH (3)
10. $NFLX (3)

https://t.co/InT5oXXyaY https://t.co/HbrPBRVLP0",stocksera_bot,2023-01-05
39840,2023-01-06 17:45:03+00:00,1.611418581031596e+18,"MIKES TRADES DISCORD DID IT AGAIN 🤷‍♂️

We bought $NVDA $146 CALLS at $.5 and they’re now trading at $2.3; 230% return 🚨

We bought $MSFT $240 puts at $2.8;now at $17; 520% return

We bank daily  ⚡️💸

https://t.co/NGJuAhBvKD",MrMikeInvesting,2023-01-06
26829,2023-01-18 05:37:45+00:00,1.6155842065910866e+18,"$SPX $SPY $AMZN $AAPL $AMD $FB $SHOP $BYND $NVDA $GOOGL $MSFT $TSLA $BA $CMG $INTC $NFLX $JPM $BAC $YM
Was able to close it for a 100%profit.https://t.co/tXysTF24p2 https://t.co/LnRK7DjXBz",Keanu5004,2023-01-18
8031,2023-01-31 14:52:28+00:00,1.6204348463960924e+18,"ALWAYS zoom out the chart to see what’s really going on. 
https://t.co/NINXxMSIEd
$LCID $AMZN $MSFT $HCMC $AAPL $SPY $TSLA $FB $GOOG $BABA $SQ $NFLX $NVDA $BTC $SHOP $AMC $shib https://t.co/d3nBzidDhI",MURALIE622,2023-01-31
43652,2023-01-04 05:10:21+00:00,1.6105038799798272e+18,"$EBAY Trade Idea
 Best entry was today. Will look for an entry tomorrow. 
https://t.co/dqoVdzJYqE

Watchlist: $PLTR $PTON $CRWD $AMZN $TSLA $EBAY $FUBO $PLUG $SPY $UVXY $NVDA $EDIT $AAPL $PLAN https://t.co/g68VoQLtWN",nappedonthebed,2023-01-04
2254,2023-02-03 20:07:57+00:00,1.6216014037591982e+18,"0 DTE plays are scary but very satisfying 

$NVDA puts https://t.co/Y0gA61h0PU",BlueMoonTrades,2023-02-03
91170,2022-11-30 03:48:32+00:00,1.5977997152861553e+18,"$NVDA Top analyst price target for next week
https://t.co/XpginTGeva",Henry40496319,2022-11-30
32211,2023-01-13 01:22:24+00:00,1.613708005551362e+18,"$SPX $SPY $AMZN $AAPL $AMD $FB $SHOP $BYND $NVDA $GOOGL $MSFT $TSLA $BA $CMG $INTC $NFLX $JPM $BAC $YM
Was able to close it for a 100%profit.https://t.co/nbm9ktQ1Gl https://t.co/S6VQWCIppZ",Ajith5930,2023-01-13
90806,2022-11-30 14:02:27+00:00,1.5979542116012114e+18,"$NVDA 30m downtrend giving it that bearish sentiment

Trading in a channel between $157.60 and $155.21 atm, a break below $155 may be worth some 153p to begin with https://t.co/dnmuQAQJTt",AJ_Trades1,2022-11-30
86710,2022-12-02 18:30:13+00:00,1.5987463752312545e+18,"Alerts given
Trading Chat on Discord!👇

https://t.co/MmIMKJhlRN

JOIN for FREE ✅

💸
$SPY $QQQ $AMZN $NVDA $BA $TSLA $BABA $AMD $AAPL $NFLX $TWTR $AAL $FB $USO $DAL $UBER $UGAZ $DIS $ROKU $CRON $DJIA $SPX $TLRY $SQ $MSFT $GLD $SRNE $SPCE $XOM $NIO $BYND $AMRN $UBER $BRKB $JWN https://t.co/sjahr6wzF3",skitontop1,2022-12-02
20195,2023-01-23 15:55:43+00:00,1.6175516612659978e+18,Nvidia is now up 67% since the low in mid October. Their chips and processors are so vital to everything we do on our devices. $NVDA,james_carter89,2023-01-23
45975,2023-01-02 17:19:42+00:00,1.6099626524653322e+18,"ALERTS ☑️
DAILY UPDATE ☑️
WATCHLIST ☑️
JOIN OUR DISCORD 👇👇
https://t.co/dqoVdzJYqE

$NIO $BA $TSLA $SPY $AMD $PT $EV $AAPL $ES $ROKU $AMC $TD $QCOM $MRK $UVXY $NVDA $CVS $V $TSM $MARA $F https://t.co/qCZdEondHj",nappedonthebed,2023-01-02
95062,2022-11-26 00:00:15+00:00,1.5962927153726382e+18,"80k+ members
Do join=&gt;https://t.co/MmIMKIZcDF
 one of the largest stocks and options trading communities with real traders providing analysis.

$NVDA $TSLA $NDX $SPY $AAPL $BABA $NFLX $ROKU $BA $COST $MCD $WMT $FB $VIX $ES https://t.co/6s4NK1uSKv",skitontop1,2022-11-26
26720,2023-01-18 08:36:54+00:00,1.615629291722793e+18,$NVDA  *ALL THESE LEVELS POSTED AHEAD OF TIME BEFORE THE MARKET OPENED..📈📉🚀   https://t.co/XqisL2cDXi,Rose30963993,2023-01-18
852,2023-02-05 14:23:11+00:00,1.622239418219221e+18,"Great place to learn trading and to get instant help join our community 
https://t.co/dqoVdzJYqE

$SPY $NDX $IWM $QQQ $BTC $ETH $AAPL $TSLA $AMC $MRNA $ROKU $AFRM $NURO $NVDA $NFLX $PLTR $UPST https://t.co/A9UhQYPRdx",nappedonthebed,2023-02-05
80666,2022-12-07 17:12:09+00:00,1.6005386665935667e+18,"Amazing action on $NVDA

After a great run off the lows we see a sizable pullback forming on the daily chart 

$QQQ $SPY $DJX https://t.co/OvFBm2ZTCX",TheChartGenie,2022-12-07
75216,2022-12-11 15:20:49+00:00,1.601960202047312e+18,"“Most winning trading community, Get next winning alerts here:https://t.co/LzwYLosqbb

$SPY $QQQ $AMZN $NVDA $BA $TSLA $BABA $AMD $AAPL $NFLX $TWTR $AAL $NIO $INO $OXY $CCL $FB $USO $DAL $TWLO $UGAZ $DIS $ROKU $TVIX $CRON $DJIA $SPX $TLRY $SQ $MSFT $GLD $BYND $SRNE $SPCE https://t.co/Ml7H68VASn",vaikunt305,2022-12-11
65359,2022-12-19 16:11:29+00:00,1.6048720557778043e+18,$NVDA showing relative strength on this move down in $SPY https://t.co/iKsHxpasNW,TradesCesar,2022-12-19
87154,2022-12-02 15:21:03+00:00,1.5986987674565468e+18,"$SNM with the insane chad candle today with over 120% total gains. Join our crypto community today to find high volume movers like this daily.
https://t.co/VM0N8POW4w

$SOL $BAND $CREAM $JASMY $LEVER 
$BTC $ETH $DOGE $BNB $XRP $MATIC 
$MASK $LTC $IQ $LINK $COSM
$SPY $NVDA $TSLA https://t.co/h7GEcMXOBL",LeBronJ19571083,2022-12-02
71054,2022-12-14 16:01:20+00:00,1.6030575609148375e+18,"Today Top Flow in #NASDAQ #NASDAQ100, Buy Flow &amp; Sell Flow $CHTR $REGN $MRNA $INTU $NFLX $ISRG $DOCU $ZM $LRCX $AVGO $NVDA $AAPL $MSFT $TSLA $AMZN $TCOM $ADP $LULU $GOOG $ADBE #stock #stocks #StockMarket #Investment #investing https://t.co/Gr3YvQQ4OY https://t.co/2dEyipKasd",MITickWatcher,2022-12-14
33957,2023-01-11 22:10:26+00:00,1.6132973099070587e+18,"$BABA $TSLA $TAOP $JFK $CEMI $SPY $QQQ $SHOP $AMZN $NVDA $ROKU $EBAY $AMD $BB $DAL $DOW $KODK $AAPL $ESE
Most profitable trading COMMUNITY https://t.co/nbm9ktQzvT https://t.co/c0yPcq9giX",Ajith5930,2023-01-11
52895,2022-12-28 13:14:36+00:00,1.6080890312079442e+18,"📌💸best discord, group, over  180k, members,
join here 20days free trial

https://t.co/CtKpUg4iNS

$VZ $BB $SPY $QQQ $AMZN $NVDA $BA $TSLA $BABA $AMD $AAPL $NFLX $TWTR $AAL $FB $USO $DAL $UBER $UGAZ $DIS $ROKU $CRON
$SQ $MSFT $GLD $SRNE $SPCE $XOM $NIO $BYND https://t.co/pPe94Nlj2J",Rahul04980546,2022-12-28
78330,2022-12-08 23:49:34+00:00,1.6010010701800612e+18,"12/9 Watchlist 🔮

$SNOW
$NVDA
$MSFT
$KO https://t.co/7EXramrAzO",AdamSliverTrade,2022-12-08
56712,2022-12-26 12:22:57+00:00,1.6073512591445443e+18,"Live Day-Trading room, Free access this room and get live alerts. Check out now..https://t.co/nbm9ktQ1Gl

$BABA $FB $BRK.B $BRK.A $TSM $V $WMT $JNJ $TSLA $PG $MA $NVDA $HD $JPM $CRM $PYPL $NFLX $MRK $INTC $CMCSA $KO $BAC $T $PFE $NVS $NKE $SAP $TM $PEP $ABT https://t.co/mTS5fkVvuG",Ajith5930,2022-12-26
62788,2022-12-21 12:38:44+00:00,1.6055432914783478e+18,"$CEMI $SPY $TSLA $SHOP $AMZN $NVDA $ROKU $EBAY $AMD $BB $DAL $DOW $KODK $AAPL $ESE $SPCE $FCEL $TRIP $BYND
Most profitable trading community https://t.co/g4VW8AXzw0 https://t.co/5o75VMx7cX",skitontop1,2022-12-21
22315,2023-01-21 13:14:44+00:00,1.6167863735449027e+18,"TRADING STATS FROM today 
https://t.co/NINXxMSaOF
$AMZN $AAPL $BA $BABA $FB $TSLA $MSFT $ROKU $NKLA $SPX $SPY $TDOC $COST $ZM $NVDA $BYND $SNAP $TGT $PYPL $V $gala https://t.co/Atlc8H7DFS",MURALIE622,2023-01-21
79624,2022-12-08 14:00:04+00:00,1.6008527149041336e+18,"$BX added 2023 puts and looking to add more. Looking for precovid prices next year. 

$SPY $QQQ $TSLA $AAPL $GOOG $NVDA $CRM $AMC $GME $META $DIS $CVX $XOM $AMZN $TLT $TMF https://t.co/Lk736GR8Z1",InvincibleBull,2022-12-08
81872,2022-12-06 19:35:59+00:00,1.6002124774168617e+18,"“Most winning trading community, Get next winning alerts here:https://t.co/uZOoPk4ZQ8

$SPY $QQQ $AMZN $NVDA $BA $TSLA $BABA $AMD $AAPL $NFLX $TWTR $AAL $NIO $INO $OXY $CCL $FB  $DJIA $SPX $TLRY $SQ $MSFT $GLD $BYND $SRNE $SPCE https://t.co/BQDHb56KJ8",dowjone620,2022-12-06
10130,2023-01-30 06:27:19+00:00,1.6199453327875195e+18,"The POWER of DCA (Dollar Cost Averaging) !!
https://t.co/LzwYLosY0J

$LCID $AMZN $MSFT $HCMC $AAPL $SPY $TSLA $FB $GOOG $BABA $SQ $NFLX $NVDA $BTC $SHOP $AMC $GME https://t.co/cT6pFOGdrL",vaikunt305,2023-01-30
58068,2022-12-24 01:41:47+00:00,1.6064651272215347e+18,"Trending: Semiconductor

$NVDA -1.00 %
$MU 1.50 %
$SOL 0.92 %
$AMD 1.00 %
$ENPH -1.63 %
$TSM -0.52 %
$STM -0.55 %
$SGH -3.23 %
$MCHP -0.40 %
$KLIC 0.92 %

https://t.co/WV3qS0l6fi",FrenzyCapital,2022-12-24
62121,2022-12-21 19:30:00+00:00,1.605646787443888e+18,"Top trending stocks on #FinTwit based on analysts mentions:
 1) $TSLA
 2) $SPY
 3) $NKE
 4) $BA
 5) $QQQ
 6) $AAPL
 7) $AMC
 8) $META
 9) $NVDA
 10) $PLTR
 
See more at https://t.co/DDbaaWJtpV. 
Download the #OptionsJournal app to be notified on the go.",options_journal,2022-12-21
43261,2023-01-04 13:55:11+00:00,1.6106359610373816e+18,"Nvidia $NVDA announces its on demand cloud gaming service, known as GeForce Now, is headed to selected Hyundai, BYD $BYDDY and Polestar $PSNY electric vehicles.",utoplat,2023-01-04
83253,2022-12-05 19:41:35+00:00,1.5998514995088835e+18,"$NVDA  *Top analyst price target for next week..📈📉🚀
https://t.co/evZ4MRtQGY",Shirley56971602,2022-12-05
63121,2022-12-21 03:21:56+00:00,1.6054031645759488e+18,"Live Day-Trading room, Free access this room and get live alerts. Check out now..https://t.co/tXysTF24p2

$BABA $FB $BRK.B $BRK.A $TSM $V $WMT $JNJ $TSLA $PG $MA $NVDA $HD $JPM $CRM $PYPL $NFLX $MRK $INTC $CMCSA $KO $BAC $T $PFE $NVS $NKE $SAP $TM $PEP $ABT https://t.co/SVAyVakrf6",Keanu5004,2022-12-21
20766,2023-01-23 12:05:54+00:00,1.6174938270819e+18,"Top Chatroom
https://t.co/ZBTRgq18CE

Join for both FREE &amp; PREMIUM SERVICE!

🗣️👥👤
$SPX $SPY $AMZN $AAPL $AMD $FB $SHOP $BYND $NVDA $GOOGL $MSFT $TSLA $BA $CMG $INTC $NFLX $JPM $BAC $YM $YM_F $NQ $NQ_F $ES $ES_F $GC $GLD $QQQ https://t.co/lPGpMY2LeK",Smith28301,2023-01-23
91709,2022-11-29 16:42:15+00:00,1.5976320382571643e+18,"Awesome morning with @AjTrader7 

Watching $NVDA to break $155. Did this while having a parent -Teacher (3rd Grade) cnf call for my son. She was listening to AJ speak &amp; I think she is Hooked now after I told her my wins. She hit me up for school supplies. So I donated 4 The kids https://t.co/eZuBP1x5bb",CashkingTrader1,2022-11-29
9651,2023-01-30 15:35:33+00:00,1.620083300374311e+18,$tsla $nvda $googl $msft $aapl $spy #FridayMotivation #FridayThoughts #goodmorning #trending #tradingpsychology,Nicrabullpen,2023-01-30
39643,2023-01-06 20:14:19+00:00,1.611456147965481e+18,"$NVDA  Top analyst price target for next week.~
🔗
 https://t.co/NhoaM7BD4L",alexa44188361,2023-01-06
24657,2023-01-19 17:44:07+00:00,1.6161293893553193e+18,"(Mid-Day) US Stock Market Movers | January 19

https://t.co/VL49j1ZIoS 

$WB $FUTU $BABA $PDD $GOOG $NIU $JD $SNAP $SKLZ $LCID $NVAX $PTON $AFRM $NKLA $FSR $AAPL $AMZN $FB $TSLA $NVDA $SPX $SPY $NDX $QQQ",BulldudeC,2023-01-19
90359,2022-11-30 19:18:23+00:00,1.5980337211308892e+18,$SPY $DIA $QQQ $NDX $ZM $ROKU $NFLX $TSLA $META $NVDA $AFRM $UPST $AAPL https://t.co/0zRk7WJpBb,nobullshytrader,2022-11-30
27600,2023-01-17 18:15:40+00:00,1.6154125549559194e+18,"ALWAYS zoom out the chart to see what’s really going on. 
https://t.co/dqoVdzKwgc

$LCID $AMZN $MSFT $HCMC $AAPL $SPY $TSLA $FB $GOOG $BABA $SQ $NFLX $NVDA $BTC $SHOP $AMC $GME https://t.co/BT3g1w4mqm",nappedonthebed,2023-01-17
9245,2023-01-30 18:53:22+00:00,1.6201330849508516e+18,$NVDA &amp; $TSLA both testing low of day,AJ_Trades1,2023-01-30
32904,2023-01-12 17:20:54+00:00,1.6135868311023493e+18,"undervalued for sure... $OUST + $VLDR

Digital LiDAR for everything

LiDAR will be ubiquitous &amp; Ouster will take us there

$LAZR $INVZ $AEVA $LIDR $MBLY $CPTN

$AMZN $GM $NVDA $QCOM $U $CSCO",RespectTheTrend,2023-01-12
99593,2022-11-21 19:02:40+00:00,1.5947682746837033e+18,#Options Flow Stream Update $TSLA $NVDA $HD $MXEF $AVGO $QQQ $SPX $SPY #OptionsTrading #OptionsFlow #optionstrade #optiontrading #stock #stocks #StockMarket #Investment #investing #invest #investor #investors #UOA https://t.co/Jj64hrpqst https://t.co/FAiZrVmvbR,OptionsMaxPain,2022-11-21
30498,2023-01-14 17:17:59+00:00,1.6143108740257178e+18,"$nvda Top analyst price target for next week ---&gt;🚀 
https://t.co/fAHgcZ9ZOr",jack87331410,2023-01-14
80171,2022-12-08 00:03:29+00:00,1.6006421829518746e+18,"$TSLA 
#WINNER
https://t.co/ZBTRgq18CE
Another early long entry on this one from our levels. Price flew past our target. #satisfied 

$SPY $NDX $IWM $QQQ $BTC $ETH $AAPL $TSLA  $NVDA $NFLX $PLTR $UPST $SNAP https://t.co/4Hcd4lHTX3",Smith28301,2022-12-08
97204,2022-11-23 16:53:33+00:00,1.5954605582242406e+18,"(Mid-Day) US Stock Market Movers | November 23

https://t.co/0ax65xbRo4

$CFLT $U $TSLA $MNDY $WISH $NIO $FTCH $ASAN $STNE $TTCF $C $INO $MRNA $PDD $CVX $AAPL $AMZN $FB $TSLA $NVDA $SPX $SPY $NDX $QQQ",BulldudeC,2022-11-23
41309,2023-01-05 18:00:07+00:00,1.6110599846529597e+18,"🚨 LARGE CALL SWEEP ORDER 🚨

STOCK: $NVDA
STRIKE: 150
EXPIRY: 1/17/2025
PREMIUM: $335,620",Trade_Variance,2023-01-05
26197,2023-01-18 15:55:00+00:00,1.6157395437681705e+18,"$NVDA  Top analyst price target for the week📉🚀
 https://t.co/a6Okb9NCgV",LouisPa34013581,2023-01-18
41843,2023-01-05 12:59:54+00:00,1.6109844342533202e+18,"$nvda   "" Top analyst price target for  stocks for the week
https://t.co/QpOqO1CGLA",jardan29216781,2023-01-05
15010,2023-01-26 14:09:27+00:00,1.6186120806467092e+18,@TicTocTick $NVDA has been impressive,AaronJung3,2023-01-26
38017,2023-01-09 00:24:09+00:00,1.6122437948789924e+18,"Howdy! You are invited to access the trade-ideas #Free #TradeOfWeek 
 
$TSLA $AAPL $BABA $NVDA $MSFT $AMZN $FB $PFE $TSM $DIS

🥇 Get me the Trade of the Week → https://t.co/BCEHq7TPrn  √ https://t.co/ukWPI19Fd5",AlertTrade,2023-01-09
62123,2022-12-21 19:29:02+00:00,1.6056465450506854e+18,"Best discord group over 180k members and even have their own app join her

https://t.co/9djIfBbRHY

$SPY $TSLA $SHOP $AMZN $NVDA $ROKU $EBAY $AMD $BB $DAL $DOW $QQQ $ZNGA $AAPL $ESE $SPCE $FCEL $TRIP $SPX $NOK $OXY $GOOG $CRM $BA $WKHS $INO $TWTR https://t.co/6pn5on9vVA",stock26583922,2022-12-21
23923,2023-01-20 10:17:33+00:00,1.616379394360238e+18,"Join the most profitable trading alerts chatroom

https://t.co/tXysTF2CeA

$SPX $SPY $AMZN $AAPL $AMD $FB $SHOP $BYND $NVDA $GOOGL $MSFT $TSLA $BA $CMG $INTC $NFLX $JPM $BAC $YM $YM_F $NQ $NQ_F $ES $ES_F $GC $GLD $QQQ $WMT $SQ $TLT $BABA $BIDU $ROKU $RTY_F $RTY $IWM $VIX $DIA https://t.co/lO0KZVnhih",Keanu5004,2023-01-20
37609,2023-01-09 13:37:34+00:00,1.6124434661345976e+18,"$NVDA   Top analyst price target for next week
https://t.co/QpOqO1CGLA",jardan29216781,2023-01-09
8191,2023-01-31 12:56:58+00:00,1.6204057807333622e+18,"$NFLX $TAOP $JFK $CEMI $SPY $TSLA $SHOP $AMZN $NVDA $ROKU $EBAY $AMD $BB $DAL $DOW $KODK $AAPL 
Over 90K+ people. Join now
Discord group
https://t.co/dqoVdzKwgc https://t.co/53s1yIdCut",nappedonthebed,2023-01-31
79371,2022-12-08 15:42:48+00:00,1.6008785685772534e+18,"$TSLA double bottom
$AMZN double bottom
$NVDA cup and side way https://t.co/g4Q2fzUXly",TJianWei,2022-12-08
1556,2023-02-04 15:19:05+00:00,1.621891095826256e+18,We offer an investment by PPP via MT799 Block Funds. Amount $100M-5B. 2Bullet/Long. Client's MONEY remains on his account. Not moved. Advance 1% via 72hr. after MT799. 50% Profit is paid at a weekly basis. 📧: alifanova.62@gmail.com $AAL $CMCSA $WYNN $CVX $TSLA $RIVN $NVDA $LVS https://t.co/HR4Sfk6qoz,Alla92490007,2023-02-04
6346,2023-02-01 14:58:33+00:00,1.6207987673678643e+18,With the FOMC about to go on today. I have not focused on anything but I scalped on $NVDA calls with made me good return. I am out for now. Will be back in power hour for some shit price action. $SPY $SPX,DEMON112234,2023-02-01
29551,2023-01-16 02:11:16+00:00,1.614807466482729e+18,"$NVDA   ALL THESE LEVELS POSTED AHEAD OF TIME BEFORE THE MARKET OPENED;- ---&gt;🚀
https://t.co/nRPFqGpUzG",EricaTe85892054,2023-01-16
77892,2022-12-09 07:30:05+00:00,1.601116959776469e+18,"Helped me get my account green all time. Thanks https://t.co/tXysTEKt0s
❤️👏📈☝️
$SPY $ES $ADBE $AMZN $MSFT $AAL $ROKU $BABA $CRM $GOOGL $FB $INTU $MRVL $ATVI $TWTR $ORCL $LRCX $AMD $NVDA $TSLA  $DKNG $ADBE $TONJ https://t.co/xUapYjOd2W",Keanu5004,2022-12-09
83359,2022-12-05 18:34:42+00:00,1.599834664625406e+18,"📈 Performance of some of the fellow traders of our Community .

Calculated risk ,Great Analysis, Regular Alerts🚀

https://t.co/XlqmVNY3eb

$SPY $TSLA $SHOP $AMZN $NVDA $ROKU $EBAY $BB $DAL https://t.co/U6qYUXpiJ4",jakson70006751,2022-12-05
38726,2023-01-08 01:33:42+00:00,1.611898910162944e+18,"$NVDA Top analyst price target for next week🎯.
https://t.co/oH0VdMBu8v",Harper48544884,2023-01-08
77243,2022-12-09 16:42:16+00:00,1.6012559237956936e+18,"$nvda  I made $1,400 trading in the first hour of market open today🎯
https://t.co/OFkSxKPETz",Jard31003731,2022-12-09
82084,2022-12-06 17:01:50+00:00,1.6001736833348526e+18,"Best discord group over 180k members and even have their own app join her

https://t.co/nDMgwRXfNX

$SPY $TSLA $SHOP $AMZN $NVDA $ROKU $EBAY $AMD $BB $DAL $DOW $QQQ $ZNGA $AAPL $ESE $SPCE $FCEL $TRIP $SPX $NOK $OXY $GOOG $CRM $BA $WKHS $INO $TWTR https://t.co/DGKfnbqjY1",stock64292268,2022-12-06
50629,2022-12-29 17:01:06+00:00,1.608508419790758e+18,"Top #money flow today. Free stock apps https://t.co/7Cz8yORsBT
$SGOV, $SPY, $GBIL, $PG, $VGIT, $IEMG, $BIL, $BNDX, $VGSH, $SHV, $TSLA, $CME, $NVDA, $KO, $SRLN, $MNQH23, $VB, $FSIG, $DFAS, $ACWI https://t.co/1ZW9qcDTRE",TickwatcherMF,2022-12-29
95336,2022-11-25 17:30:30+00:00,1.5961946317081928e+18,"$NVDA  Top Analyst Price Targets for next week 
 https://t.co/rIgUWNA15q",EllaDavila6,2022-11-25
22774,2023-01-20 22:46:02+00:00,1.6165677563961385e+18,"$KODK $DOW $GNUS $IDEX $BOXL $BABA $TSLA $TAOP $JFK $CEMI $SPY $QQQ $SHOP $AMZN $NVDA $ROKU $EBAY $AMD $BB $DAL $DOCU 
Alerts before spikes and right as big news drops
Free discord chatroom:https://t.co/LzwYLosqbb https://t.co/GzJnWdfRqX",vaikunt305,2023-01-20
79146,2022-12-08 17:27:20+00:00,1.6009048776678523e+18,$NVDA Has A Poor #Technical Analysis Score (TA Score). Breakdown Of 3 Categories: #candle score Neutral; moving average score Weak; #momentum score Weak #stocks #stock #StockMarket #Investment #investing https://t.co/B7BWRcVOEf https://t.co/GLjL1XH2pb,TickwatcherMF,2022-12-08
57578,2022-12-25 02:27:50+00:00,1.60683910379409e+18,"To share trading point of view join here 
https://t.co/NINXxMSIEd
$BABA $TSLA $GME $NVDA $FUBO $ZM $AMZN $SHOP $PLUG $TTD $AAPL $doge https://t.co/A3nWm20Mr0",MURALIE622,2022-12-25
60218,2022-12-22 19:41:28+00:00,1.6060120613805097e+18,"$NVDA  Top analyst price target for the week--&gt;📉🚀
https://t.co/Z8oWOylvQe",LucasCartwrig14,2022-12-22
96395,2022-11-24 12:04:19+00:00,1.5957501565779313e+18,"Trending: S&amp;P 500

$TSLA 0.88 %
$MSFT 0.36 %
$NVDA 0.40 %
$AMD 0.31 %
$AAPL 0.05 %
$PFE 0.00 %
$DE 0.00 %
$ATVI -4.05 %
$O 0.00 %
$DIS 0.00 %

https://t.co/WV3qS0lE4Q",FrenzyCapital,2022-11-24
32609,2023-01-12 19:46:05+00:00,1.613623369743872e+18,What's crazy was that $NVDA flag went for over 200/con and you could have double dipped the same play/setup in $TSLA which was lagging about an hour behind,Iucidtrades,2023-01-12
99114,2022-11-22 06:20:28+00:00,1.594938847485649e+18,"$nvda Top analyst price target for next week
https://t.co/0pPbJbmtdW ,",stockbell8145,2022-11-22
57634,2022-12-24 21:33:16+00:00,1.606764974910894e+18,"$nvda Top analyst price target for next week ---&gt;🚀.!
https://t.co/FPMWLhLcbu",LisaForest5,2022-12-24
16403,2023-01-25 14:25:02+00:00,1.6182536158308925e+18,"Most mentioned tickers on WallStreetBets during Pre-Market:

1. $MSFT
2. $TSLA
3. $BA
4. $NVDA
5. $AMZN",Stock_Quant,2023-01-25
76446,2022-12-10 00:59:37+00:00,1.6013810828172616e+18,"PPI上ぶれで株⤵モデルナいってこい🥲ナスの下げが一番低くエネルギーが下げてるのは景気悪化懸念の方が強い❓
最後一斉に下げたのは重要指標が多い来週に備えてかなぁ💦
来週が勝負の週❗

DOW−0.90％
S＆P500−0.73％
NASDAQ−0.70％
保有
❌ $MRNA −3.97％
❌ $SBUX −1.87％
❌ $NVDA −0.97％",tk596350,2022-12-10
17143,2023-01-25 00:08:39+00:00,1.6180380992753213e+18,"$PENN Trade idea💡
https://t.co/dqoVdzKwgc
Great risk/reward here. 

$DKNG $SPY $QQQ $IWM $SLV $MGM $ROKU $AAPL $AMZN $TSLA $AMD $MU $AMC $GME $DD $NVDA, $FDX, $PEP, $GM, $MDLZ, $LCID, $ADP, $SKX, $SBUX, $CZR, $SABR https://t.co/hiznm7lFaM",nappedonthebed,2023-01-25
74810,2022-12-11 23:29:10+00:00,1.602083097339695e+18,"https://t.co/k4VUHuW6Ir
Join now
$TSLA $NVDA  $MU $AMZN $MSFT $BABA $NFLX $ADBE $AXP $IBM $CSCO $CVX $INTC $DD $DIS $MCD $MMM $PG $TRV $UNH $NKE $UTX $VZ $WBA $WYNN $XLNX $ACN $FB $NFLX $DLTR $EA $SPY $SPX $DJIA $HD $GS $BA $GDX $VZ $WDC $AMD $ADSK $V $CAT $JPM https://t.co/p2A9ljKrMw",Jhonwic65,2022-12-11
32685,2023-01-12 19:14:08+00:00,1.6136153302066176e+18,"Join the most profitable trading alerts chatroom

https://t.co/nbm9ktQ1Gl

$SPX $SPY $AMZN $AAPL $AMD $FB $SHOP $BYND $NVDA $GOOGL $MSFT $TSLA $BA $CMG $INTC $NFLX $JPM $BAC $YM $YM_F $NQ $NQ_F $ES $ES_F $GC $GLD $QQQ $WMT $SQ $TLT $BABA $BIDU $ROKU $RTY_F $RTY $IWM $VIX $DIA https://t.co/IDgzFWtKP9",Ajith5930,2023-01-12
18722,2023-01-24 03:10:54+00:00,1.6177215777807032e+18,"⭐⭐⭐ Alert Statistics

🔶 26 Wins - 4 Losses
🔶 86.67% Win Rate
🔶 Monthly Earnings:616.58%
https://t.co/SP5dEA8EUP

$GME $PLTR $BABA $NIO $BLNK 
$SPY $TSLA $SHOP $NVDA $ROKU  $BYND $MRNA $PENN $GMBL $CRM $NEAR https://t.co/N9y3qXQG8m",seeashon,2023-01-24
68973,2022-12-15 21:06:15+00:00,1.6034966814750392e+18,"Dow closes out its worst day in three months, falls more than 700 points as recession fears grow!

$MSFT $AAPL $GOOGL $AMZN $CMCSA $CRM $AMD $MU $QCOM $NVDA $TXN $META $NFLX $HD $JNJ $PFE $ABBV $LLY $GILD $MRK $AMGN $CVS $TSLA $DIS $PYPL $CSCO $INTC $ORCL $XOM $GS $PG $WMT $SBUX https://t.co/suBmVwWDCT",Alpha_Bronze,2022-12-15
2716,2023-02-03 15:31:31+00:00,1.6215318403257795e+18,$nvda Sold ALL 210 calls at 5.75 from 1.80,pbay08,2023-02-03
49551,2022-12-30 06:31:53+00:00,1.6087124597409055e+18,"“Most winning trading community, Get next winning alerts here:https://t.co/MmIMKJhlRN

$SPY $QQQ $AMZN $NVDA $BA $TSLA $BABA $AMD https://t.co/Tn4uz09Rih",skitontop1,2022-12-30
21291,2023-01-22 21:14:02+00:00,1.6172693820312125e+18,"$PENN Trade idea💡
https://t.co/LzwYLosqbb
Great risk/reward here. 

$DKNG $SPY $QQQ $IWM $SLV $MGM $ROKU $AAPL $AMZN $TSLA $AMD $MU $AMC $GME $DD $NVDA, $FDX, $PEP, $GM, $MDLZ, $LCID, $ADP, $SKX, $SBUX, $CZR, $SABR https://t.co/znUJ0U9N1a",vaikunt305,2023-01-22
28545,2023-01-17 04:20:19+00:00,1.6152023310791107e+18,"Real-time trading alerts from our team of seasoned professionals, best trading room and global trading community. Check out today...https://t.co/ZBTRgq18CE

$SPY $QQQ $AMZN $NVDA $BA $TSLA $BABA $AMD $AAPL $NFLX $TWTR $AAL $FB $USO $DAL $TWLO $UBER $UGAZ $DIS $ROKU $TVIX $CRON https://t.co/REtgWvDAft",Smith28301,2023-01-17
98130,2022-11-22 21:13:33+00:00,1.5951635986153677e+18,"Join the most profitable trading group 
https://t.co/ZBTRgq18CE

$GOOG $AAPL $SPY $AMZN $TDOC $TSLA $COST $BA $NFLX $NVDA $TWTR $ZM $BABA $FB $DOW $MSFT  $BBAR $STNG $GLUU $ZNGA $AAL $CACC $ESE $SPCE $FCEL $TRIP $BYND $MRNA https://t.co/ls2AY21rRV",Smith28301,2022-11-22
48641,2022-12-30 20:56:51+00:00,1.6089301349202534e+18,"Todays top 5 most controversial stock tickers, mention count, and sentiment according to WSB:
$TSLA: 128, 2.48% Bullish
$AAPL: 20, -3.81% Bearish
$JPM: 18, -23.85% Bearish
$NVDA: 14, -11.52% Bearish
$NFLX: 10, 17.43% Bullish

Gathered from 8392 comments",krishamoud,2022-12-30
33604,2023-01-12 05:35:59+00:00,1.6134094349524296e+18,"$NVDA

If price opens RIGHT HERE at the open we are about to see the easiest push to 165 ever. 3 days at this tough resistance. Puts under the yellow level https://t.co/uhNQqGXHoB",DB_Daytrades,2023-01-12
49571,2022-12-30 05:51:19+00:00,1.6087022508763095e+18,"To share trading point of view join here 
https://t.co/CKzd0Y1lH6

$BABA $TSLA $GME $NVDA $FUBO $ZM $AMZN $SHOP $PLUG $TTD $AAPL $AMD https://t.co/A55tKIPriF",Smith28301,2022-12-30
23591,2023-01-20 15:37:26+00:00,1.6164598986106716e+18,$NVDA Investors Heavily Search NVIDIA Corporation (NVDA): Here is What You Need to Know https://t.co/CEfD4rlNep,GetOnTrade,2023-01-20
52408,2022-12-28 16:36:23+00:00,1.6081398127328338e+18,"$NVDA Top analyst price target for the week--&gt;📉🚀
https://t.co/9wktwbv275",riya60939073,2022-12-28
33679,2023-01-12 03:57:34+00:00,1.6133846687823954e+18,"**Most profitable trading community. Get up to 574% profits
https://t.co/MmIMKJgO2f

$SPY $QQQ $AMZN $NVDA $BA $TSLA $BABA $AMD https://t.co/WNsAUpewCM",skitontop1,2023-01-12
29025,2023-01-16 17:00:19+00:00,1.6150312030229217e+18,"The POWER of DCA (Dollar Cost Averaging) !!
https://t.co/dqoVdzKwgc

$LCID $AMZN $MSFT $HCMC $AAPL $SPY $TSLA $FB $GOOG $BABA $SQ $NFLX $NVDA $BTC $SHOP $AMC $GME https://t.co/LxJsZYE7Xn",nappedonthebed,2023-01-16
84823,2022-12-04 10:06:05+00:00,1.5993442784001106e+18,"Bulls out of the cage, $AAPL $ET $BB $TSLA $SAFE $CHPT $NVDA $ULTA $MARA $XPEV 🐂🐂🐂. https://t.co/1p0nnKn9KF",trade_tipper,2022-12-04
33055,2023-01-12 15:38:58+00:00,1.6135611790241178e+18,$NVDA  Awaiting Short Signal based off 14 signals on the 15-min chart. Free trial at https://t.co/3o31iZ0B0v https://t.co/HsSk5lWTN6,SismasStock,2023-01-12
41060,2023-01-05 21:05:07+00:00,1.6111065438016184e+18,"Top #moneyflow for #sp500 today
$AMZN $GOOG $NVDA $AMD $XOM $AAPL $NFLX $NE $PFE $HD ...
https://t.co/S59zN0Rzmn",MITickWatcher,2023-01-05
92608,2022-11-28 21:27:03+00:00,1.5973413254014157e+18,"The best place for Traders to Gain  https://t.co/MmIMKJhlRN

$SPY $AMZN $NVDA $BA $BABA $AMD $NFLX $FB $USO $DAL $UGAZ $DIS $QQQ $TSLA $AAPL $AAL $UBER $TWLO $TWTR $TVIX https://t.co/7rrZdzKsG3",skitontop1,2022-11-28
24405,2023-01-19 21:15:02+00:00,1.616182469941764e+18,"📊 Resumen ESTRATEGIA: SafeBox 🔒

💵 Efectivo disponible: 1000
💼 CARTERA: $NKE, $NFLX, $SBUX, $AAL, $BAC, $CVX, $MCD, $NVDA
🔸 Total invertido: 4000
🔸 Beneficios invertido: 🔻-28.73 (-0.72%)
🔸 Operaciones cerradas: 0

💰 TOTAL BENEFICIOS: 🔻-28.73 (-0.57%)",xtrateg,2023-01-19
49721,2022-12-30 03:22:50+00:00,1.608664885378052e+18,"Join the most profitable trading group 
https://t.co/nbm9ktQzvT

$GOOG $AAPL $SPY $AMZN $TDOC $TSLA $COST $BA $NFLX $NVDA $TWTR $ZM $NKLA $SAVE $VRM $TRIL  $BBAR $STNG $GLUU $ZNGA $AAL $CACC $ESE $SPCE $FCEL $TRIP $BYND $MRNA https://t.co/yZlug10cEy",Ajith5930,2022-12-30
14192,2023-01-26 21:01:18+00:00,1.6187157288694866e+18,"▶️ Mentioned $ENPH 210p Jan 27 at $3.75 premium went to $7.60
▶️ Mentioned $NVDA 195p Jan 27th $1.35 premium went to $3.95
▶️ Mentioned $BA 210c at $1.80 premium went to $3.85+ over 100% winner🚀
▶️ Mentioned $NVDA 195c Jan 27th $3.60 sold multi stage - quick scalp https://t.co/zXH31o8Df7",Dannyws6,2023-01-26
17997,2023-01-24 14:55:09+00:00,1.6178988070057e+18,"lot of $ in the pits saying $NVDA runs,  not walks to 200 in a hurry",punkcap,2023-01-24
33258,2023-01-12 14:01:47+00:00,1.613536724503892e+18,$NVDA  Top analyst price target for this week.🎯🚀🔗https://t.co/PNuPa33HQA       .,Etta13325161,2023-01-12
67395,2022-12-17 01:35:47+00:00,1.6039269020073738e+18,$NVDA seeing an uptick in chatter on wallstreetbets over the last 24 hours,,2022-12-17
69854,2022-12-15 13:08:00+00:00,1.6033763266347213e+18,"Assuming a recession hits in early/mid 2023, which of these portfolios are you investing in today?

Portfolio A
$O
$KO
$JNJ
$JEPI 
$SCHD 

Portfolio B
$AAPL 
$GOOGL
$TSLA
$NVDA
$VOO",Dividend_Dollar,2022-12-15
81204,2022-12-07 10:33:14+00:00,1.6004382777353298e+18,"$NVDA  is set and ready for a run up,,,~
🔗https://t.co/l56tKripf9",Ava000006,2022-12-07
58108,2022-12-23 23:53:49+00:00,1.6064379550062715e+18,"Top tweeted stocks:
$TSLA $SPX $AAPL $AMZN $NVDA $UPST $AMC $SPOT $NFLX $NINE $MU $MRK $ABBV $TSLQ $ABNB $NIB $DIS $MGV $MGK $RUVN $ROKU $FLSY $SQ $BYND $LAZR $PLUG $IP $MCHP $MPW $F $CHPT $ZYME $UBER $VKTX $RIVN $SNAP $META $PINS $CHTR $BNB $DJI $GLD 

 #stockstowatch https://t.co/0kCK5SaukS",StockmanDuck,2022-12-23
88506,2022-12-01 21:20:39+00:00,1.5984268753275003e+18,"$NVDA Major Breakout
Daily appearances since 2010: 74
Close 5 days later ±:
Avg: -0.64
SD: 5.68
Worst: -27.25
Best: 16.84

10 days later:
Avg: -0.24
SD: 12.18
Worst: -71.52
Best: 59.40

30 days later:
Avg: 0.48
SD: 17.35
Worst: -110.61
Best: 71.09",dailycandlestix,2022-12-01
75605,2022-12-10 23:40:31+00:00,1.6017235676362424e+18,"3 solid plays this morning. $TSLA puts to TSLA calls to $NFLX calls. All mentioned on discord. Got a little choppy towards afternoon. Caught $NVDA calls 11:35 and was out at 11:45 for a nice wi
Stock Intelligence Discussion Group, click jiaru https://t.co/jKAJL2eIee https://t.co/s0SuDV75io",yzrjiudwc22152,2022-12-10
14342,2023-01-26 19:22:53+00:00,1.6186909597385605e+18,"$spy
$amzn
$tsla
$nvda
$nflx https://t.co/3vLAkKWE8Z",travels_harry,2023-01-26
48327,2022-12-31 00:56:28+00:00,1.608990436974293e+18,"$nvda Top analyst price target for next week..📈📉..🚀
https://t.co/JzlcoPFl9r",CarrieP35390103,2022-12-31
2457,2023-02-03 17:42:11+00:00,1.62156471995691e+18,"$NFLX $TAOP $JFK $CEMI $SPY $TSLA $SHOP $AMZN $NVDA $ROKU $EBAY $AMD $BB $DAL $DOW $KODK $AAPL 
Over 90K+ people. Join now
Discord group
https://t.co/LzwYLosqbb https://t.co/lqe0N7grA8",vaikunt305,2023-02-03
11047,2023-01-29 03:24:49+00:00,1.6195370190882734e+18,"The POWER of DCA (Dollar Cost Averaging) !!
https://t.co/SP5dEA8EUP

$LCID $AMZN $MSFT $HCMC $AAPL $SPY $TSLA $FB $GOOG $BABA $SQ $NFLX $NVDA $BTC $SHOP $AMC $FTM https://t.co/DgF7ND0YQw",seeashon,2023-01-29
72240,2022-12-13 17:55:19+00:00,1.6027238565314806e+18,"Mid-day options volume &gt; 10K, OI &lt; 5K: $TSLA $AMC $AAPL $NVDA $AMD $SQ $UAL $GOLD $META $GOOGL $MRNA $CHPT $CVNA $IGT $M $LCID https://t.co/BzckDQEJgk",15minofPham,2022-12-13
62089,2022-12-21 19:51:52+00:00,1.6056522912430612e+18,"⭐⭐⭐ Alert Statistics
https://t.co/CKzd0YioJ6
🔶 26 Wins - 4 Losses
🔶 86.67% Win Rate
🔶 Monthly Earnings:616.58%

$GME $PLTR $BABA $NIO $BLNK 
$SPY $TSLA $SHOP $NVDA $ROKU $EBAY $AMD $BB $DAL $QQQ $ZNGA $AAPL $ESE $SPCE $FCEL $BYND $MRNA $PENN $GMBL $CRM $BA https://t.co/o1NsmNxrKX",Smith28301,2022-12-21
18671,2023-01-24 04:01:44+00:00,1.61773437026091e+18,"Most mentioned tickers in #WSB in last 1H

1. $SPY (13)
2. $TSLA (8)
3. $NFLX (3)
4. $BEAT (3)
5. $NVDA (3)
6. $AMD (2)
7. $BOWL (2)
8. $CLF (2)
9. $COIN (2)
10. $BROS (2)

https://t.co/InT5oXXyaY https://t.co/WQKmSFeO9G",stocksera_bot,2023-01-24
48228,2022-12-31 02:47:37+00:00,1.6090184097188004e+18,"$nvda Top analyst price target for next week ---&gt;🚀.!
https://t.co/bSkjack2oQ",Felicia51342059,2022-12-31
30035,2023-01-15 13:02:24+00:00,1.614608943216726e+18,"$NVDA Top analyst price target for next week..💸💸.💰..
https://t.co/YjSZheM5Xu",RobertS18436113,2023-01-15
2928,2023-02-03 14:00:19+00:00,1.6215088858017628e+18,"Alright here me out… this $NVDA chart is from May 2021. It dropped to $135 range before it ripped to $204. After this, it had a cool dip and consolidated up, a dip and then took off to $300… https://t.co/yYNSWrhFzy",NVDAJediTrader,2023-02-03
21721,2023-01-22 12:10:43+00:00,1.6171326520829952e+18,"learn trading, get alerts, ideas, updates, analysis ❤️❤️🙏🙏👇👇
https://t.co/ZBTRgq0AN6

$AMD $NVDA $TSLA $NDX $SPY $AAPL $BABA $NFLX $ROKU $BA $COST $MCD $WMT $FB $VIX $ES $DKNG $ADBE $UAVS $CETX $DGLY https://t.co/bxLUFIXWkt",Smith28301,2023-01-22
11956,2023-01-28 00:19:22+00:00,1.619127960262566e+18,"$NVDA Top analyst price target for next week....~
🔗https://t.co/JUzA2V1lHf",JinSabuj,2023-01-28
12231,2023-01-27 20:20:12+00:00,1.619067773929554e+18,"$bmbl #breakout

Awesome move 

so far 9%+ today

Going strong

Target 33

$nflx $spy $spx $meta $mtch #tinder $snap $goog $aapl $amd $nvda $tsla https://t.co/ky1571o8h0",alphatrades7,2023-01-27
99733,2022-11-21 17:37:27+00:00,1.5947468292244111e+18,"$nvda  Top analyst price target for next week
https://t.co/glMch7XV40  ..",danica97103078,2022-11-21
19770,2023-01-23 18:07:43+00:00,1.6175848808370831e+18,"$AEMD $SPY $V $PLUG $HD $WMT $EOD $PENN $BABA $NVDA $V $AMD $PT $WMT $FSLY $PYPL $BA $BLDP $AMC $BP 

!!!Start trading with us!
https://t.co/tXysTF24p2 https://t.co/8sFHpufDk2",Keanu5004,2023-01-23
87375,2022-12-02 14:13:57+00:00,1.5986818810415923e+18,"Friday Watchlist:

Small watchlist today with the big gap down in upward market. I’ll be nimble today and look for intraday plays 

$RBLX 34c&gt;33.57
$ZS 132&gt;130 lotto post ER play

Backtest/bounce plays:
$MSFT 249ish 252.5c
$NVDA 165 167.5c",dinodaytrades,2022-12-02
55443,2022-12-27 08:55:04+00:00,1.60766132951885e+18,"$NVDA Top analyst price target for the week,~
🔗https://t.co/y6RArqmhTy",Ava000006,2022-12-27
25263,2023-01-19 10:30:39+00:00,1.6160203028065444e+18,$NVDA   Top analyst price target for the week📉🚀 https://t.co/kMupR6VIqV,Stockoption012,2023-01-19
55163,2022-12-27 13:38:40+00:00,1.6077327002948198e+18,"$NVDA Top analyst price target for next week..📈📉..🚀
https://t.co/EPJu3MJJlT",GregLit93979533,2022-12-27
86741,2022-12-02 18:21:18+00:00,1.5987441289382052e+18,"$nvda '''Top analyst price target for next week '''
https://t.co/oj0WUaLOoW",MaryAnn08121861,2022-12-02
77421,2022-12-09 15:10:51+00:00,1.6012329165031383e+18,"ALWAYS zoom out the chart to see what’s really going on. 
https://t.co/LzwYLoK12J

$LCID $AMZN $MSFT $HCMC $AAPL $SPY $TSLA $FB $GOOG $BABA $SQ $NFLX $NVDA $BTC $SHOP $AMC $GME https://t.co/FgzUlyKYRa",vaikunt305,2022-12-09
92791,2022-11-28 19:09:34+00:00,1.5973067259040276e+18,"*Make as much as you want, i've made 35K+ last week. Best room on the net  
https://t.co/ZBTRgq18CE

$AAPL $TSLA $GEVO $QQQ $MSFT $AMD $UAL $PLUG $INO $PTON $CSCO $INTC $NVDA $SQQQ $TQQQ $SPCE $AZN $FMCI $AAL  $INSG $NLS $WKHS $WORK https://t.co/MG7nPVJPEm",Smith28301,2022-11-28
57898,2022-12-24 12:53:36+00:00,1.6066341943269417e+18,"**Most profitable trading community. Get up to 574% profits

https://t.co/XlqmVNY3eb

$SPY $QQQ $AMZN $NVDA $BA $TSLA $BABA $AMD $AAPL $BOIL https://t.co/7Riio8OtfZ",jakson70006751,2022-12-24
83211,2022-12-05 20:13:39+00:00,1.599859567986299e+18,"$SPX $SPY $AMZN $AAPL $AMD $FB $SHOP $BYND $NVDA $GOOGL $MSFT $TSLA $BA $CMG $INTC $NFLX $JPM $BAC $YM
Was able to close it for a 100%profit. https://t.co/MmIMKIZcDF https://t.co/LeZdSQYKO2",skitontop1,2022-12-05
63279,2022-12-21 00:43:29+00:00,1.6053632906657874e+18,"🎁Daily watchlist recap for December 20, 2022 !!!🎁

Profit potential per 100 shares is $2,718

$VRNA $KOLD $SMCI $ZSL $CWEB $TSLA $NVDA

Follow and turn on notifications for more amazing trade ideas!!
#UnitedTraders #Teamwork #Finance https://t.co/mDgPLb0QGL",_unitedtraders,2022-12-21
68660,2022-12-16 01:42:07+00:00,1.6035661094832415e+18,"**Most profitable trading community. Get up to 574% profits https://t.co/nbm9ktQzvT

$SPY $QQQ $AMZN $NVDA $BA $TSLA $BABA $AMD $AAPL $NFLX $TWTR $AAL $NIO $INO $OXY $CCL $FB $USO $DAL $TWLO $UGAZ $DIS $ROKU $TVIX $CRON $DJIA $SPX $TLRY $SQ $MSFT $GLD $SRNE https://t.co/yRfs4yHfXr",Ajith5930,2022-12-16
26124,2023-01-18 16:34:28+00:00,1.615749474311377e+18,"$SPY be careful of this bounce, $UUP is much higher than it was yesterday. Something will fall apart soon IMO.

https://t.co/2RTjZguM7D

$ETC $DASH #HUENING_BAHIYYIH #写真 $ZEC $MSFT $AMC $NVDA #Stopinsulting_ProphetMuhammad https://t.co/0QOldqTVG3",stock94134937,2023-01-18
84453,2022-12-04 17:30:42+00:00,1.5994561710854103e+18,"“Invest in what you consume” - Sha Osman

https://t.co/xcQHBLHwq3

$LCID $AMZN $MSFT $HCMC $AAPL $SPY $TSLA $FB $GOOG $BABA $SQ $NFLX $NVDA $BTC $SHOP https://t.co/dTZgk70PP4",Ruseel3211,2022-12-04
29887,2023-01-15 15:52:53+00:00,1.614651847247278e+18,"Another early long entry on this one from our levels. Price flew past our target. #satisfied 

https://t.co/VGjQNc0QKr

$SPY $NDX $IWM $QQQ $BTC $ETH $AAPL $TSLA $AMC $ROKU $AFRM $MRNA $NURO $AMD $NVDA $NFLX $PLTR $UPST $SNAP https://t.co/sbNPHjPvep",Dipanksr12,2023-01-15
69723,2022-12-15 14:24:59+00:00,1.6033957009471406e+18,"Alerts given
Trading Chat on Discord!👇

https://t.co/k4VUHuW6Ir

JOIN for FREE ✅

💸
$SPY $QQQ $AMZN $NVDA $BA $TSLA $BABA $AMD $AAPL $NFLX $TWTR $AAL $FB $USO $DAL $UBER $UGAZ $DIS $ROKU $CRON $DJIA $SPX $TLRY $SQ $MSFT $GLD $SRNE $SPCE $XOM $NIO $BYND $AMRN $UBER $BRKB $JWN https://t.co/88a2Q6ROOZ",Jhonwic65,2022-12-15
41721,2023-01-05 14:07:17+00:00,1.6110013901508772e+18,"Watchlist update 🤑
$GOOG 88/89p greater than 90.60
$PYPL $NVDA $AMZN 

Job data is in. Not what the fed are looking for. Also side note my internet is being very spotty due to the massive snow storm so may not be able to shoot out updates
#stocks #optionstrading",AnthonySandford,2023-01-05
45083,2023-01-03 12:45:52+00:00,1.6102561253284946e+18,"$AAPL Trading Ideas | Awaiting Short signal. 100% Profitability based on 3 trades. The profit factor is 100.

 Learn more at https://t.co/11Rmty9GN8

$SPY $QQQ $AMZN $NVDA $BA $TSLA $BABA $AMD $Q $AAPL $NFLX $TWTR $AAL $FB $USO $DAL $UBER $MDB https://t.co/pnBRX2dJEt",Stockma01861822,2023-01-03
7053,2023-02-01 02:28:13+00:00,1.620609938060968e+18,nice looking one! 🩸🤦‍♂️🤦‍♂️🤦‍♂️ $TSLA $NVDA $AMD $AAPL $SPY $SPX https://t.co/bu2ERbv79I,rj34704726,2023-02-01
88889,2022-12-01 18:26:27+00:00,1.5983830372004413e+18,"$CEMI $SPY $TSLA $SHOP $AMZN $NVDA $ROKU $EBAY $AMD $BB $DAL $DOW $KODK $AAPL $ESE $SPCE $FCEL $TRIP $BYND
Most profitable trading COMMUNITY https://t.co/nbm9ktQ1Gl https://t.co/YVWCwsivi2",Ajith5930,2022-12-01
35066,2023-01-11 02:51:02+00:00,1.6130055347052093e+18,"Great place to learn trading and to get instant help join our community 
https://t.co/dqoVdzJYqE

$SPY $NDX $IWM $QQQ $BTC $ETH $AAPL $TSLA $AMC $MRNA $ROKU $AFRM $NURO $NVDA $NFLX $PLTR $UPST https://t.co/RSx2rkOTBQ",nappedonthebed,2023-01-11
64348,2022-12-20 12:32:15+00:00,1.6051792683043676e+18,"Was able to close it for a 100%profit.
 https://t.co/MmIMKJhlRN

Alert + update+ chatroom 📢📈💵

$SPY $TSLA $SHOP $AMZN $NVDA $ROKU $EBAY $AMD $BB $DAL $DOW $QQQ  $NOK $OXY $CCL $CRON $DGLY $HTZ $PENN $GMBL $CRM $BA $WKHS $INO $TWTR https://t.co/DlEqsT787d",skitontop1,2022-12-20
9402,2023-01-30 17:33:36+00:00,1.620113009975894e+18,"$MYO $0.50

Trading Below Cash

PATENTED ROBOTIC TECHNOLOGY #AI

Giving Independence Back to Paralyzed Arms &amp; Lives 

As you know Myocarditis heart Strokes Increased Rapidly 

This Tech is a GIFT 🎁 #MEDTECH 

-------
$muln $cosm $gme $amc $hscs $lcid $nvda $amzn $amd $aapl
👇❤️ https://t.co/jNx7m6AhSZ",StockSqueezeSpy,2023-01-30
829,2023-02-05 14:41:20+00:00,1.6222439868901622e+18,"Analyst price target for today&lt;.&gt; https://t.co/AHedSxp8R5 

$AMD $NVDA $TSLA $NDX $SPY $AAPL $BABA $NFLX $ROKU $BA $COST $MCD $WMT $FB $VIX $ES $DKNG $ADBE $UAVS $CETX $DGLY",Chat3Free,2023-02-05
48235,2022-12-31 02:31:15+00:00,1.6090142919564698e+18,Lol dreams coming true in 2023? $AAPL $MSFT $TSLA $GOOG $NVDA,lisetrader2021,2022-12-31
17996,2023-01-24 14:55:12+00:00,1.6178988210061025e+18,$NVDA teasin 195,lilnickysmith,2023-01-24
90205,2022-11-30 21:00:16+00:00,1.5980593593254134e+18,"Short Interests of NVIDIA, $NVDA : +8.53% MoM

#options #stocks $SPY 

Check out our tool at: 
https://t.co/LAvUlvRUG9 https://t.co/Su0F91iRIO",YDMU_Markets,2022-11-30
1942,2023-02-04 02:29:10+00:00,1.6216973418950902e+18,"IN TODAY'S RE-CAP FOR 02/03/2023 FROM PRE-MARKET NOTES

$NVDA
#MOMENTUM PLAY IN #ACT
JUST YOUR DAILY PAYCHECK IN $ACT
ONCE WE DETERMINE WHAT THE MARKET IS GOING TO GIVE US AT THE OPEN, WE NAIL IT LONG &amp; COLLECT OUR POINTS!

LONG 213--&gt;217 +4 PTS PER NOTES

https://t.co/EuV33KbFxh https://t.co/5UcMsDuB9l",AjTrader7,2023-02-04
4322,2023-02-02 15:53:15+00:00,1.621174921211814e+18,$NVDA very weak,Jhswings27,2023-02-02
6717,2023-02-01 10:04:39+00:00,1.6207248032956662e+18,"&lt;年初来(1か月の動き):個別株&gt;
$MSFT 3.3%
$GOOGL 12%
$AMZN 22.8%
$TSLA 40.6%
$NVDA 33.7%
$ABNB 30%
$SNOW 9%
$CRWD 0.6%
$DDOG 1.8%
$SQ 30%
$SHOP 42%
$SE 23.9%
$MELI 39.6%
$U 24.2%
$COIN 65.2%
$ENPH ▲16.5%
$CELH ▲3.6%",jm_ret,2023-02-01
64820,2022-12-19 23:03:47+00:00,1.6049758119073096e+18,"NVIDIA, tiene un Market Cap de 417 billion $

En zona de sobreventa en el Stochastic pero con divergencia en el MACD positiva, posible retroceso a la zona de 125.

#Metaverso #Inversión $NVDA #NVIDIA https://t.co/tshCiwjSFy",TradingOnSchool,2022-12-19
84169,2022-12-05 01:37:01+00:00,1.5995785563207393e+18,"$CEMI $SPY $TSLA $SHOP $AMZN $NVDA $ROKU $EBAY $AMD $BB $DAL $DOW $KODK $AAPL $ESE $SPCE $FCEL $TRIP $BYND
Most profitable trading COMMUNITY https://t.co/nbm9ktyqhL https://t.co/dXwhqtQ2Yj",Ajith5930,2022-12-05
34865,2023-01-11 09:11:17+00:00,1.6131012305738916e+18,$NVDA Top analyst price target for the week..📈📉🚀  🚀https://t.co/nrEmUhR0cY,stock_market007,2023-01-11
51435,2022-12-29 05:31:47+00:00,1.6083349492493517e+18,"$NVDA Top analyst price target for next week.~
🔗
 https://t.co/NhoaM7BD4L",alexa44188361,2022-12-29
68401,2022-12-16 07:24:50+00:00,1.6036523532650045e+18,"$AMZN x $OUST

~45 second mark

@ousterlidar on the Amazon Proteus

https://t.co/weXLWBoFRg

Digital Lidar for Everything

LiDAR will be ubiquitous &amp; Ouster will take us there

$LAZR $INVZ $AEVA $LIDR $MBLY

$GM $NVDA $QCOM $U https://t.co/xq13m0oJK2",RespectTheTrend,2022-12-16
222,2023-02-06 03:07:14+00:00,1.622431698309849e+18,"NVDA Nvidia Corp. Weekly Chart -- $211.00

Massive outperformance for the semi's in '23 and now an interesting spot off inverted H&amp;S. Supportive behavior at 200 wk mov avg but bearish confluence near horizontal resistance and trend line resistance. Up 95% off Oct lows...

$NVDA https://t.co/10wFS6O83q",MacD_Cross,2023-02-06
46120,2023-01-02 15:19:00+00:00,1.6099322775676232e+18,"$NVDA Top analyst price target for next week..📈📉..🚀
https://t.co/EPJu3MJJlT",GregLit93979533,2023-01-02
90092,2022-11-30 22:19:10+00:00,1.5980792149552538e+18,"JPOW definitely didn't disappoint today 🚀 
$SPY $AAPL $TSLA $NVDA $QQQ https://t.co/twGLUOW3dU",ExpOptions,2022-11-30
79741,2022-12-08 13:02:20+00:00,1.600838186917167e+18,"**Most profitable trading community. Get up to 574% profits
https://t.co/U9AUML0sGP
$SPY $QQQ $AMZN $NVDA $BA $TSLA $BABA $AMD $AAPL $NFLX $TWTR $AAL $NIO $trb $doge https://t.co/Dtje6HxHZ8",Trades75699329,2022-12-08
81884,2022-12-06 19:31:01+00:00,1.6002112265961021e+18,"$CEMI $SPY $TSLA $SHOP $AMZN $NVDA $ROKU $EBAY $AMD $BB $DAL $DOW $KODK $AAPL $ESE $SPCE $FCEL $TRIP $BYND
Most profitable trading community https://t.co/uZOoPjNWO8 https://t.co/A4T0pqotln",dowjone620,2022-12-06
44825,2023-01-03 15:33:07+00:00,1.610298215991214e+18,"Great day to trade. Have fun!! 
https://t.co/UBe6L6eydz

$NIO $ITUB $EDU $AMC $MMAT $FCEL $UVXY $PALT $T $RIG $VXX $OXY $IWM $ENG $SEEL $NAK $XOM $TSLA $WISH $NVDA $BABA $MRO $SPX https://t.co/aWqfvh15Xz",seeashon,2023-01-03
60741,2022-12-22 16:57:44+00:00,1.6059708557873152e+18,"$NVDA Alerted 157.5 puts this morning in the discord on the break under the 159.70 level.

Those puts are currently up over 380% 💰

153.72 target hit 🎯 Possible to see 147.27 level next 👀 https://t.co/s9CP2Mt6l5",vitaloption,2022-12-22
40697,2023-01-06 03:55:17+00:00,1.611209765111169e+18,"Which of these would you choose to hold for 2023?

A)
Apple $AAPL
Facebook $META
Bitcoin $BTC
Coca-Cola $KO

B)
Google $GOOGL
Tesla $TSLA
Disney $DIS
TSMC $TSM

C)
Microsoft $MSFT
Nvidia $NVDA
Ethereum $ETH
Home Depot $HD

D)
Amazon $AMZN
Exxon $XOM
Walmart $WMT
Berkshire $BRK.B",therezajanetn,2023-01-06
38980,2023-01-07 13:01:15+00:00,1.6117095481712312e+18,"Excited for the start Tomorrow!! So many great setups 📈
🎯Learn how to trade the right way 
https://t.co/NINXxMSIEd
$AMZN $AAPL $BA $BABA $FB $TSLA $MSFT $ROKU $NKLA  $SPY $TDOC $COST $ZM $NVDA $BYND $SNAP $TGT $PYPL  $QQQ $XLP  $NIO $bit https://t.co/lz8UT4zFd8",MURALIE622,2023-01-07
98043,2022-11-22 22:08:17+00:00,1.5951773732883333e+18,"Nvidia CEO Jensen Huang just exercised employee stock options for 229,603 shares of $NVDA for $3.155 per share",StockTraderHub,2022-11-22
40995,2023-01-05 22:18:48+00:00,1.6111250874946028e+18,"Top Chatroom
https://t.co/ilLcUCpBBd

Join for both FREE &amp; PREMIUM SERVICE!

🗣️👥👤
$SPX $SPY $AMZN $AAPL $AMD $FB $SHOP $BYND $NVDA $GOOGL $MSFT $TSLA $BA $CMG $INTC $NFLX $JPM $BAC $YM $YM_F $NQ $NQ_F $ES $ES_F $GC $GLD $QQQ https://t.co/hXJO4cAveU",dowjone620,2023-01-05
90020,2022-11-30 23:30:55+00:00,1.598097272998617e+18,"I'm so sick of the Fed having ultimate control over the market. 

#fedpivot #fed #Powell
#trading #Daytrader #investing
#tradingpsychology #Stockmarket
$SPX $SPY $QQQ $SMH $TSLA
$GME $AMC $NVDA $AMD $AAPL",BmdCapital,2022-11-30
877,2023-02-05 14:08:03+00:00,1.6222356080294625e+18,"Best discord group over 80k members and even have their own app join here 

https://t.co/dqoVdzJYqE

$TSLA $NVDA $BABA $ZM $TLRY $ABNB $PYPL $EDIT $AMZN $GME $BIDU $FUBO $NFLX $BA $SPY $QQQ $UVXY $AAPL $AVGO $SNDL $FB $FSLY $OSTK $NNOX $PLTR $PTON https://t.co/Mm4h81URTS",nappedonthebed,2023-02-05
15179,2023-01-26 11:35:05+00:00,1.6185732361907077e+18,"$SPY $ASS $BTC $ETH $LINK $MATIC $DOT $ADA $DOGE $SHIB  $PACE $NVDA $KIDS $FEG $PAWG 

BEST DISCORD GROUP 90k MEMBERS JOIN US https://t.co/dqoVdzKwgc https://t.co/fQNtLGTqIF",nappedonthebed,2023-01-26
91556,2022-11-29 18:46:05+00:00,1.5976632032609772e+18,"$NVDA Strike: 150.00 Expiration: 2023-01-20 Call .NVDA230120C150 Price: 16.50 Size: 1000 Time: 2022-11-29 1:45:50PM
Premium: $1,650,000.00",TWAOptions,2022-11-29
53793,2022-12-27 22:50:19+00:00,1.6078715261620388e+18,"📌🤑this room for trading profit.

https://t.co/1wJPCC9wqe

$AAPL $AMD $COD $AAL $MSFT $AMC $NVDA $BABA https://t.co/oeyTsw7KaM",XTRADERS9,2022-12-27
43847,2023-01-04 02:32:10+00:00,1.6104640709598659e+18,"“Most winning trading community, Get next winning alerts here:https://t.co/dqoVdzJYqE

$SPY $QQQ $AMZN $NVDA $BA $TSLA $BABA $AMD $AAPL $NFLX $TWTR $AAL $NIO $INO $OXY $CCL $FB $USO $DAL $TWLO $UGAZ $DIS $ROKU $TVIX $CRON $DJIA $SPX $TLRY $SQ $MSFT $GLD $BYND $SRNE $SPCE https://t.co/5Xwkp6MuSt",nappedonthebed,2023-01-04
36441,2023-01-10 01:15:07+00:00,1.6126190082592604e+18,@ecommerceshares I guess this is why $TSLA trades at 22 fwd P/E and $NVDA at 33.. makes sense,xDreamCoding,2023-01-10
28375,2023-01-17 10:15:13+00:00,1.6152916458467697e+18,"$nvda Top analyst price target for next week..📈📉..🚀
https://t.co/YjSZheM5Xu",RobertS18436113,2023-01-17
32121,2023-01-13 03:23:56+00:00,1.613738589585838e+18,"LOTTO Friday 🚨
$AMD &amp; $NVDA both OB. Ill be watching chips tomorrow!

-$72 reject or go long. If we break we test $74.50 
-$69 bounce or death. If we don't holddownside gap around $65.80

$BABA $115 rejection to enter gap
$Xom $114 52 week high test?
👆👆Both on group me FREE https://t.co/VMoP6xNXzY",MELSKITRADING,2023-01-13
31310,2023-01-13 18:47:08+00:00,1.6139709220959027e+18,"⚡️Ticker: $NVDA
🐻Strike: $195 PUT
🔮Expiring on: 01/20/23
⏰Bought 01/13/23 13:38
🐳617 Contracts
💰Premium Value: $2.17M
🤑Price Paid: $33.13
🏪Spot Price: $166.69",OptionsFlowLive,2023-01-13
50355,2022-12-29 19:31:47+00:00,1.6085463383457178e+18,"Join the most profitable trading alerts chatroom

https://t.co/MmIMKJhlRN

$SPX $SPY $AMZN $AAPL $AMD $FB $SHOP $BYND $NVDA $GOOGL $MSFT $TSLA $BA $CMG $INTC $NFLX $JPM $BAC $YM $YM_F $NQ $NQ_F $ES $ES_F $GC $GLD $QQQ $WMT $SQ $TLT $BABA https://t.co/6tYnx6etRD",skitontop1,2022-12-29
53001,2022-12-28 12:02:01+00:00,1.608070766385324e+18,"Trending: Semiconductor

$INTC 0.27 %
$NVDA -0.42 %
$AMD -0.17 %
$SPI 9.09 %
$HIMX -2.81 %
$ADI 0.00 %

https://t.co/WV3qS0l6fi",FrenzyCapital,2022-12-28
29465,2023-01-16 03:48:44+00:00,1.6148319936692756e+18,"The POWER of DCA (Dollar Cost Averaging) !!
https://t.co/LzwYLosqbb

$LCID $AMZN $MSFT $HCMC $AAPL $SPY $TSLA $FB $GOOG $BABA $SQ $NFLX $NVDA $BTC $SHOP $AMC $GME https://t.co/nejQ1SogTn",vaikunt305,2023-01-16
8498,2023-01-31 06:08:23+00:00,1.620302957786071e+18,"$EBAY Trade Idea
 Best entry was today. Will look for an entry tomorrow. 
https://t.co/LzwYLosY0J

Watchlist: $PLTR $PTON $CRWD $AMZN $TSLA $EBAY $FUBO $PLUG $SPY $UVXY $NVDA $EDIT $AAPL $PLAN https://t.co/LIm2eOj9oe",vaikunt305,2023-01-31
56590,2022-12-26 13:48:23+00:00,1.6073727575490929e+18,"$NVDA Top analyst price target for the week~---&gt;🚀
https://t.co/DZZQ4GW7qH",Leighto74340020,2022-12-26
45058,2023-01-03 12:56:20+00:00,1.6102587627402404e+18,"Best place for day trading, swing trading, stocks and options.....https://t.co/dqoVdzJYqE

$SHLL $GRWG $GLLU $DDOG $NVAX $NVDA $NTES $RH $FUTU $TNK $LYFT $PENN $MU $RVLV $CSCO $AMC $TSLA $PTON $DVAX https://t.co/NzbcWYN28X",nappedonthebed,2023-01-03
82351,2022-12-06 14:35:00+00:00,1.600136730488742e+18,"Thanks again for $SPY and $TSLA 🙏❤️
https://t.co/rFUdY4OUr5

$ROKU $AYRO $NKLA $SAVE $VRM $TRIL $SHOP $BBAR $STNG $GLUU $ZNGA $AAL $CACC $ESE $SPCE $FCEL $TRIP $BYND $MRNA $NOK $OXY $CCL $CRON $RCL $DGLY $HTZ $PENN $GMBL $CRNC $RGR $KTOV $GNUS $BA $FCEL $ZI $Z $ZM $NVDA $TSLA https://t.co/EtEouhgXPC",RAJURAY98,2022-12-06
73423,2022-12-12 22:18:19+00:00,1.6024276579410944e+18,"""Trader Alerts - ETP New Listings #2022 - 25: Nasdaq to Begin Listing 3 GraniteShares ETFs on Tuesday, December 13, 2022"" https://t.co/iJUeBjc28O 
$BABX|#BABX 1.75x Long $BABA|#BABA Daily ETF 
$FBL|#FBL 1.5x Long $META|#META Daily ETF 
$NVDL|#NVDL 1.5x Long $NVDA|#NVDA Daily ETF",TradingAllIn,2022-12-12
574,2023-02-05 18:41:11+00:00,1.622304344640209e+18,#StockMarket #StocksToBuy #Growth #stockmarketcrash $spy $qqq $aapl $tsla $nvda $msft $googl $amzn $meta #Bitcoin #BTC https://t.co/Njbaf4ZHlV,dhawalc,2023-02-05
22563,2023-01-21 03:04:13+00:00,1.6166327336813076e+18,"**Most profitable trading community. Get up to 574% profits
https://t.co/dqoVdzJYqE

$SPY $QQQ $AMZN $NVDA $BA $TSLA $BABA $AMD $AAPL $NFLX $TWTR $AAL $NIO $INO $OXY $CCL $FB $USO $DAL $TWLO $UGAZ $DIS $ROKU $TVIX $CRON $DJIA $SPX $TLRY $SQ $MSFT $GLD $SRNE https://t.co/R3lYK7b8T2",nappedonthebed,2023-01-21
88518,2022-12-01 21:17:33+00:00,1.5984260966884557e+18,"Good day to start Dec! 🎄+2.2k 👌

Traded $NFLX $NVDA $BBBY today 

Thanks for the commentary and the $NFLX and $NVDA trade ideas Brando @EliteOptions2!

Let’s see how we close the week! 🍋🍸 https://t.co/fhXhDCm6DS",GnT_Trades,2022-12-01
462,2023-02-05 20:36:04+00:00,1.6223332546353234e+18,"Tweet:Surprise
Where:On video!
%
$pgala : 4.26 %
$trx : 1.57 %
$voxel : 4.91 %
$sand : 1.40 %
$fund : 3.39 %
$vrtx : 2.54 %
$wkhs : 4.90 %
$nvda : 3.87 %
$agix : 2.35 %
$yel : 4.63 %
$npo : 1.61 %
$enq : 0.66 %
$ftt : 4.66 %
$gnus : 3.99 https://t.co/c09iWIvqYF",piping00,2023-02-05
54662,2022-12-27 17:04:53+00:00,1.6077845950045266e+18,"Trending: Semiconductor

$AMD -1.29 %
$NVDA -5.17 %
$WISA 8.65 %
$TSM -0.67 %
$HIMX -3.72 %
$ARRY -4.20 %
$TGAN -1.57 %
$AVGO 0.51 %
$AMBA -1.64 %
$SLAB -1.77 %

https://t.co/WV3qS0l6fi",FrenzyCapital,2022-12-27
75480,2022-12-11 05:50:02+00:00,1.6018165600077783e+18,"【過去記事】エヌビディア買えば簡単に儲かるって聞いて株始めたんだがもうー２０％超 https://t.co/yo1oAp1kk1
$NVDA",beikabusokuho,2022-12-11
52501,2022-12-28 16:00:22+00:00,1.6081307465979208e+18,$NVDA  *Top analyst price target for the week..📈📉🚀  🚀 https://t.co/GHFwHekZHK,stock_market007,2022-12-28
25986,2023-01-18 18:06:30+00:00,1.615772633957548e+18,"1/18/23 Trade Idea Charting✅

$AAPL Moved up as projected then breakdown right to our entry zone. $AAPL is now consolidating ""in a range"" near $135.3

$NVDA broke down per projection. Remains right at the long term trendline as posted earlier. See imgs #optionstrading #stocks https://t.co/EZhFfhPK7S",ProfitsTaken,2023-01-18
18475,2023-01-24 07:43:55+00:00,1.6177902837014528e+18,"#nvda #nvdia $nvda 

Before/after 

İlk paylaştığım hisse dün %7.59 yaptı.

Düşen trend kırıldı ama grafik haftalık olduğu için üstünde kapanış yapmasını bekleyeceğiz.

Umarım faydalanmışsınızdır... https://t.co/EJYTvckLTG",brsyzgn,2023-01-24
81588,2022-12-07 00:35:08+00:00,1.600287760900051e+18,"$TSLA $TAOP $JFK $CEMI $SPY $BOXL $SHOP $AMZN $NVDA $ROKU $EBAY $AMD $BB $DAL $DOW $KODK $AAPL 
Over 5K+ people. Join now
Discord GROUP https://t.co/kxatvTWsB2 https://t.co/0xD88vdfIE",philip30964,2022-12-07
31316,2023-01-13 18:45:18+00:00,1.613970460936663e+18,"$NVDA Strike: 280.00 Expiration: 2023-01-20 Put .NVDA230120P280 Price: 112.60 Size: 1025 Time: 2023-01-13 1:45:18PM
Premium: $11,541,500.00",TWAOptions,2023-01-13
40875,2023-01-06 00:20:49+00:00,1.611155794266923e+18,"RSI is a momentum indicator that compares a security's strength on days when prices go up to its strength on days when prices go down.

Operating on a scale of 0-100:

RSI value &gt; 70 = ""overbought""
RSI value &lt; 30 = ""oversold""

$SPY $QQQ $BTC $ETH $NVDA $LINK $AAPL $AMZN",WealthManual,2023-01-06
91201,2022-11-30 02:53:29+00:00,1.5977858611896689e+18,"$NVDA Top analyst price target for next week
 https://t.co/lTe7F2hsLr",Shirley88018720,2022-11-30
56358,2022-12-26 17:15:09+00:00,1.6074247900250972e+18,"Twitter's on the Rise

https://t.co/9djIfBu0W6

$EDSA $KODK $DOW $GNUS $IDEX $BOXL $BABA $TSLA $TAOP $JFK $CEMI $SPY $SHOP $AMZN $NVDA $ROKU $EBAY $AMD $LAZR $AAPL https://t.co/UT2MUH3nDl",stock26583922,2022-12-26
37607,2023-01-09 13:38:53+00:00,1.612443794779304e+18,"$NVDA Top analyst price target for next week.
https://t.co/nB2adcWE9T",BunnyBu62215546,2023-01-09
87018,2022-12-02 16:51:13+00:00,1.598721457835561e+18,"Best place for day trading, swing trading, stocks and options..... https://t.co/kxatvUdvD2

$SHLL $GRWG $GLLU $DDOG $NVAX $NVDA $NTES $RVLV $FUTU $TNK $LYFT $PENN $MU $RVLV $CSCO $AMC $TSLA $PTON $DVAX https://t.co/k2lk0HgcSB",philip30964,2022-12-02
72701,2022-12-13 14:23:27+00:00,1.602670540774318e+18,$NVDA above 200DMA. 50 crossed 100 also. Looking nice. Hope Powell won't ruin it tomorrow. https://t.co/s9cAhy8cfB,Liathetrader,2022-12-13
94475,2022-11-26 20:30:12+00:00,1.5966022428026348e+18,"Rebranded the account, time to start copping a feel of some gains

Weekly watchlist will be posted on Sundays, daily recaps of trades throughout the week. Mostly trading $SPY but will trade any prime setups we find!
$QQQ $TSLA $AAPL $AMD $NVDA $META $BYND $HD $AMZN",tradesawman,2022-11-26
57479,2022-12-25 09:55:03+00:00,1.6069516469318656e+18,"I feel like I'm too late to the crypto space to make any real money. What do you think? 

🎯https://t.co/gUJh5LuPui

$NVDA $TWTR $AMC $DIS $GME $FCEL $BAC $ACB

$SNAP $SNDL $BA $PLTR $PLUG $SQ $GE $ZOM $F $MU https://t.co/74poRYlQqJ",atkinsoncrypto,2022-12-25
59839,2022-12-22 23:55:44+00:00,1.6060760484576174e+18,"Doing great for December so far! 🔥

I will post December results end of month. 

VIP members are banking! 🤑

DM me if you want to join our winning team. 😎

#OptionsTrading #SwingTrading #VIP $SPY $TSLA $AAPL $NVDA",GeniusTrader777,2022-12-22
37622,2023-01-09 13:24:23+00:00,1.612440149245272e+18,"#Stocks making the biggest moves premarket: @lululemon, @DuckCreekTech, @Mastercard, @Uber and more https://t.co/SKBeJfREnG $LULU $DCT $MA $V $UBER $ZG $Z $HOLX $MRO $HAL $EOG $HES $BBBY $ORCL $NVDA $TSLA $RACE",desota,2023-01-09
22302,2023-01-21 13:30:35+00:00,1.6167903620472873e+18,Need Fast Computer? #HP $HPE Z2 G9 Tower Workstation - Wolf Pro Security Edition Nvidia $NVDA RTX Intel $INTC UHD 32 https://t.co/aUKVRjBrSW - Buy on eBay #Computer #ad https://t.co/KCniGEJTDT,Stock_Market_Pr,2023-01-21
56637,2022-12-26 13:14:44+00:00,1.6073642881544192e+18,"$SPY $QQQ $NDX $DIA $IWM $NFLX $FB $INTC $SMH $AAPL $NVDA $TSLA $ES $YM $AMZN $BA $GS $JPM $IBM $LRCX $C $GOOG 
Stay at home safe and earn money at home by trading marketplace safe.
Click here:https://t.co/tXysTF24p2 https://t.co/xtWJ0kJDId",Keanu5004,2022-12-26
67916,2022-12-16 17:28:15+00:00,1.603804208226046e+18,"Trending: S&amp;P 500

$TSLA -4.25 %
$NVDA -2.29 %
$GOOGL -0.96 %
$AAPL -1.25 %
$ADBE 3.28 %
$PRU -2.76 %
$ADI 0.05 %
$GS -1.21 %
$BA -0.72 %
$AMD -2.21 %

https://t.co/WV3qS0l6fi",FrenzyCapital,2022-12-16
11760,2023-01-28 05:15:52+00:00,1.6192025780380099e+18,"Great place to learn trading and to get instant help join our community 
https://t.co/dqoVdzKwgc

$SPY $NDX $IWM $QQQ $BTC $ETH $AAPL $TSLA $AMC $MRNA $ROKU $AFRM $NURO $NVDA $NFLX $PLTR $UPST https://t.co/kWnsTbtsJ0",nappedonthebed,2023-01-28
78729,2022-12-08 20:26:14+00:00,1.600949897888297e+18,"$nvda '''Some Traders are making $4500 a day keeps the 9 to 5 away; For a limited time, we are opening our trading chat-room to the public.. '''
https://t.co/rMVQhtgqjM",ClaraSherwood3,2022-12-08
83661,2022-12-05 15:01:39+00:00,1.5997810519327744e+18,"$nvda Top analyst price target for next week,,., ..📈📉🚀
https://t.co/if5j0anaL9",MaryCar59919582,2022-12-05
58195,2022-12-23 21:55:24+00:00,1.6064081550761e+18,"Tried catching the sharpest falling knife $tsla with calls &amp; got burned. Other stuffs are good, max profit with $oxy $pins on the long end, $spy $nvda on the short end. Next week’s bets are on $amzn $labu. Adding to a few growth &amp; small cap HC/biotech for next yr. https://t.co/NLWVbbCnpd",uhtredcap,2022-12-23
44724,2023-01-03 16:16:36+00:00,1.610309158934352e+18,"$NVDA NVIDIA Ada Lovelace Breaks Energy-Efficiency Barrier, Supercharges 170+ Laptop Designs for Gamers and Creators
https://t.co/Ct6vWGnO0i",StockNewsBot2,2023-01-03
21562,2023-01-22 15:45:51+00:00,1.6171867898143744e+18,"Q1, 1/20 close, #cryptotrading proxy trend list. 

$BITO $RIGZ $DAPP $BLOK $BKCH $UWMC $BITQ $LEGR $KOIN $BLCN $BITS $NVDA $GBTC $ETHE $AMD $SQ $COIN $MSTR $PYPL $CAN $HIVE $HUT $MARA $BTBT $RIOT $INVU $BITI

(this is the one list I don't trust) https://t.co/Q9n5NfnHSg",Richard_Rangel_,2023-01-22
89684,2022-12-01 10:39:40+00:00,1.598265566615462e+18,"$SPY be careful of this bounce, $UUP is much higher than it was yesterday. Something will fall apart soon IMO.

https://t.co/9djIfBu0W6

$ETC $DASH #HUENING_BAHIYYIH  $ZEC $MSFT $AMC $NVDA #Stopinsulting_ProphetMuhammad https://t.co/0e2vdwLxq7",stock26583922,2022-12-01
62997,2022-12-21 06:40:36+00:00,1.6054531643663483e+18,"Join the most profitable trading group 
https://t.co/tXysTEKt0s

$GOOG $AAPL $SPY $AMZN $TDOC $TSLA $COST $BA $NFLX $NVDA $TWTR $ZM $NKLA $SAVE $VRM $TRIL  $BBAR $STNG $GLUU $ZNGA $AAL $CACC $ESE $SPCE $FCEL $TRIP $BYND $MRNA https://t.co/PmY87ka7NB",Keanu5004,2022-12-21
73264,2022-12-13 01:38:50+00:00,1.602478116214956e+18,"$TSLA $TAOP $JFK $CEMI $SPY $BOXL $SHOP $AMZN $NVDA $ROKU $EBAY $AMD $BB $DAL $DOW $KODK $AAPL 
Over 5K+ people. Join now
Discord GROUP https://t.co/uZOoPk4ZQ8 https://t.co/JDNQatp0WU",dowjone620,2022-12-13
92077,2022-11-29 10:36:07+00:00,1.5975398988183183e+18,$BTC  $LUNC $nvda   Top analyst price target for next week. https://t.co/yIQDOBREAf,MurariM21623320,2022-11-29
69140,2022-12-15 19:43:55+00:00,1.60347596324932e+18,"The POWER of DCA (Dollar Cost Averaging) !!
https://t.co/UF39UIx2Ti

$LCID $AMZN $MSFT $HCMC $AAPL $SPY $TSLA $FB $GOOG $BABA $SQ $NFLX $NVDA $BTC $SHOP $AMC $GME $SPX https://t.co/o7iNpleVTy",RAJURAY98,2022-12-15
7062,2023-02-01 02:23:05+00:00,1.6206086471130972e+18,$NVDA 決算、2/22予定みたいやね。,yasutaketin,2023-02-01
44962,2023-01-03 14:03:47+00:00,1.6102757349871985e+18,Watching $AMD $NVDA $PYPL $DOCU $SNOW to name a few today! 😀,optionsprochick,2023-01-03
36851,2023-01-09 18:35:46+00:00,1.6125185107306578e+18,$NVDA absolutely laying down smackdown on the Jabroni shorts https://t.co/4HLWc9PbBv,Nasimul1978,2023-01-09
43839,2023-01-04 02:35:14+00:00,1.6104648442219274e+18,"$NVDA LEVELS POSTED FOR STOCKS BEFORE WEEK OPENS..📈...📉..🚀
https://t.co/szTmMOF24X",EMILY09341154,2023-01-04
$LNG  174.57  to 171.00 ,,,,,
17991,2023-01-24 14:56:35+00:00,1.61789916674696e+18,$NVDA continuation move upwards off a gap down. Shorts struggling here.,BruceTennen,2023-01-24
80600,2022-12-07 17:58:27+00:00,1.6005503194145587e+18,"Nice print for $NVDA Size: 400000 Price: 159.8575 Amount: $63,943,000.00 Time: 1258
See more: https://t.co/T0bXBahGer
Join https://t.co/JWvlYbdLod to get REAL TIME prints.
Runners 📈: https://t.co/VC1LdPHaJR
Losers 📉: https://t.co/9MWV4THfhQ
Gappers 🪜: https://t.co/bHQKF1W40n",TradeWithAlerts,2022-12-07
71232,2022-12-14 14:01:15+00:00,1.603027339947942e+18,"$nvda Price target today;~
https://t.co/jbkggPFpdz",ClintPr13651203,2022-12-14
800,2023-02-05 15:16:46+00:00,1.622252904014041e+18,"$NVDA   Top analyst price target for next week.......&gt;🚀
🔗https://t.co/Yw9Buw6cHd",JackCla65036084,2023-02-05
90366,2022-11-30 19:14:07+00:00,1.5980326461597573e+18,"$Nflx Congratulations to the members who took this trade🤑Click the link below to join in on all the profits 👇 
https://t.co/Ac6Wse9N3v
$tblt $skyh $nktx $ttcf $spy $dwac $xom $zim $cdev $goog $muln $twtr $amc $tsla $ater $qqq $nvda $nflx $amd $msft $aapl $fb $Twtr $Tsla
$Amc https://t.co/eoLi9tZZJr",Traders3King,2022-11-30
45935,2023-01-02 17:56:11+00:00,1.6099718340190945e+18,"$NVDA Bullish rating based off 47 signals, 15-min chart. https://t.co/mHl3RatZCK",ShortAlgoTrades,2023-01-02
69548,2022-12-15 15:52:39+00:00,1.603417761262506e+18,"Most profitable trading room,, It's turned $64,000 into $1.9M in the last 10 months with 98% SUCCESS rate: Check out and please join now!.📈.📈https://t.co/cpCvLdfy5K

$FUBO $SPY $WMT $GOOG $AAPL $PYPL $STRN $ROKU $GME $AMC $IWM $QQQ $NVDA $AMZN $DIS $SQ $MP",Stockma95205181,2022-12-15
28066,2023-01-17 14:46:09+00:00,1.615359829559677e+18,"$nvda flying, lol 😆 😂 please hit 180 for puts! Please! 🙏 🙏 the company execution is horrible and at most it's worth 75 https://t.co/v63JlPNk2Z",UltimateTrad8r,2023-01-17
32939,2023-01-12 17:08:37+00:00,1.6135837399002685e+18,$AAL $AMD $DAL $DIS $NVDA $TSM - 3 Stocks Making News Thursday https://t.co/O7AYDRbGF6,beeken_tech,2023-01-12
14619,2023-01-26 17:01:38+00:00,1.6186554127940362e+18,$NVDA looking bullish near its ATH also on HIGH 🚨 $AAPL $AMZN $FB $MSFT $GOOGL $TSLA $NFLX $DIS $BABA $PG https://t.co/qFxFpFYFmI,Immaculate_Tony,2023-01-26
91837,2022-11-29 15:29:24+00:00,1.5976137057387397e+18,"too much FUD! $AAPL $TSLA $NVDA $LRCX (many buying opp for the long term investor).Best time (from my past experience) to be adding to solid companies. Have the fundamentals really changed? don't believe so! Once inflation/rate increases,Ukraine, China issues dissipate..watch out",yianis,2022-11-29
86579,2022-12-02 19:48:44+00:00,1.598766132672213e+18,"$EHTH Just so much green trading with us today.
➡️https://t.co/izlO7iGeSE

$BTC $ETH $BNB $XRP $DOGE 
$LTC $HOOK $MATIC $LINK $CHZ 
$ACA $QLC $HOOK $MFT $JOE 
$OAX $MOB $COCOS $PHB $TWT 
$SPY $NVDA $TSLA $OP $AVXL $BA $QQQ https://t.co/EYdDD90CYT",Dominic42422840,2022-12-02
6710,2023-02-01 10:18:43+00:00,1.6207283437157908e+18,"FANG+ Constituents:

$AAPL 144.07 -0.19%
$AMZN 102.57 -0.57%
$AMD 77.64 +3.33%
$GOOG 99.14 -0.68%
$META 146.81 -1.46%
$MSFT 247.26 -0.27%
$NFLX 353.44 -0.21%
$NVDA 194.22 -0.51%
$SNOW 155.92 -0.31%
$TSLA 172.75 -0.25%",IGSquawk,2023-02-01
76306,2022-12-10 03:18:14+00:00,1.6014159679925166e+18,@puppy_trades Wouldn't you say it's more likely it goes to 61.8% given the fact the former leaders did the same? (see $NVDA),jdstandifer,2022-12-10
31685,2023-01-13 14:22:23+00:00,1.6139042946080768e+18,"📊 US-Aktien im Fokus: NVIDIA - Große Pläne für das Jahr 2023

Aktuelle Analysen und Charttechnik des Entwicklers von Grafikprozessoren und Chipsätzen gibt´s im Video:
🧐📺

#Aktien #Börse #Stocks #NVIDIA $NVDA",FreestoxxDE,2023-01-13
47842,2022-12-31 13:27:09+00:00,1.609179352083878e+18,"$NVDA  Top analyst price target for next week..📈📉..🚀
https://t.co/6RnesyUGu8",PearlPo21341371,2022-12-31
13590,2023-01-27 04:16:09+00:00,1.6188251613014344e+18,$NVDA 🚨 has 2 massive sell signals if you look at the chart ….,TeamStackSS,2023-01-27
21609,2023-01-22 14:25:31+00:00,1.6171665754879263e+18,"TRADING STATS FROM today https://t.co/LzwYLosqbb

$AMZN $AAPL $BA $BABA $FB $TSLA $MSFT $ROKU $NKLA $SPX $SPY $TDOC $COST $ZM $NVDA $BYND $SNAP $TGT $PYPL $V $W https://t.co/wuUaAgn6rA",vaikunt305,2023-01-22
7050,2023-02-01 02:29:53+00:00,1.6206103575754424e+18,"The $spx, with the earnings calls we heard this month and a 4.4% Fed Funds rate should not be trading at 18.1 forward earnings. It’s too high $tsla $btc $aapl $gm $amzn $cat $pfe $nvda $vix $es $qqq $xom $meta $amd $snap $gme $bbby $mcd $msft $f $cvx $ups $nflx $googl $baba $intc",IronCondorToday,2023-02-01
78749,2022-12-08 20:18:14+00:00,1.6009478862124196e+18,"🟢🔴 4ta y 5ta operación del día entrando primero en put $NVDA al romper cuña ascendente y salida en MA200, después entro nuevamente en la zona de los 169.48 USD esperando una proyección a la zona de los 167.50 USD sin embargo el precio regresa y salgo por stop loss con pérdida. https://t.co/ESpfE1sk8k",alexisolveramo,2022-12-08
93342,2022-11-28 07:12:01+00:00,1.5971261473173094e+18,"$NVDA - Last six months, 22 option alerts peaked above 100% after they were triggered by the algo  
https://t.co/uilqqjGEZU https://t.co/hdn8Xy3waW",sleekoptions,2022-11-28
71145,2022-12-14 15:03:56+00:00,1.603043116029649e+18,"$NVDA #Options #maxpain Chart, Open Interest Chart Update #OptionsTrading #OptionsFlow #optionstrade #optiontrading #stocks #stock #StockMarket #Investment #investing #invest #investor #investors #UOA https://t.co/I8hjTlEqg3 https://t.co/eiFQu5k7cq https://t.co/eN7aawvyJV",OptionsProVol,2022-12-14
63951,2022-12-20 16:20:46+00:00,1.605236778088026e+18,"$BABA $TSLA $TAOP $JFK $CEMI $SPY $QQQ $SHOP $AMZN $NVDA $ROKU $EBAY $AMD $BB $DAL $DOW $KODK $AAPL $ESE
Most profitable trading COMMUNITY https://t.co/CKzd0YioJ6 https://t.co/NILlZiQpJB",Smith28301,2022-12-20
78949,2022-12-08 18:57:25+00:00,1.600927546207527e+18,"4. Principle of Permanence of Methods: Similar to principle 2, but focused on the reporting aspect specifically. It's why you can compare $NVDA and $AMD financial reports against each other. https://t.co/yppcZTt6ae",joshkiefercpa,2022-12-08
61866,2022-12-21 22:43:35+00:00,1.6056955063987773e+18,"Trending: Semiconductor

$MU -1.56 %
$TSM 2.18 %
$NVDA 2.54 %
$AMD 3.97 %
$INTC 1.29 %
$AMBA -3.54 %
$SEDG 4.68 %
$ADI 2.23 %
$MRVL 2.78 %
$VLDR 0.54 %

https://t.co/WV3qS0l6fi",FrenzyCapital,2022-12-21
74170,2022-12-12 15:02:39+00:00,1.6023180176684646e+18,"Trending: Nasdaq 100

$AMGN -1.08 %
$MSFT 2.31 %
$NVDA 0.55 %
$CMCSA 1.88 %
$FTNT 2.42 %
$AAPL 0.39 %
$COST -0.15 %
$TSLA -3.41 %
$GOOGL 0.33 %
$MU -1.44 %

https://t.co/WV3qS0l6fi",FrenzyCapital,2022-12-12
1710,2023-02-04 11:58:58+00:00,1.6218407346293678e+18,"🔴🔴  Just Released ⟶ Real-Time Stock Racing  (Patent Pending)

🚩 Real-Time Stock Racing
⭐ via ⟶ https://t.co/wX02IxQioJ

📊
$FANG $LCID $AMR $NVAX $RIVN $VTRS $KOS $CRON $LYFT $MOS $CGC $AFRM $APRN $ATVI $AXSM $SEDG $TTWO $CLOV $AMG $NVDA $MU $RIVN $GM $NCLH $OXY $XRP https://t.co/d6NI7CmlMa",AlertTrade,2023-02-04
16176,2023-01-25 15:34:50+00:00,1.6182711833839903e+18,"$NVDA $275 per contract live on @TwitterSpaces
💎Link in Bio for Diamond Tier Alerts.💎 https://t.co/jSM7xa5Cjt",XclusiveGrumps,2023-01-25
74821,2022-12-11 23:13:46+00:00,1.6020792213330657e+18,$INTC #GPU $NVDA $AMD,n_hatami,2022-12-11
16039,2023-01-25 16:56:02+00:00,1.6182916157639352e+18,"The POWER of DCA (Dollar Cost Averaging) !!
https://t.co/LzwYLosY0J

$LCID $AMZN $MSFT $HCMC $AAPL $SPY $TSLA $FB $GOOG $BABA $SQ $NFLX $NVDA $BTC $SHOP $AMC $GME https://t.co/nw1gXtmZC8",vaikunt305,2023-01-25
93142,2022-11-28 13:11:01+00:00,1.5972164914052137e+18,"Today’s watch list! 
👉 https://t.co/M4XMhjqtSy

$DOCU $NVDA $TSLA $NFLX $SPY $QQQ $GRPN $PTON $U https://t.co/POcTmS1PSl",kunal00,2022-11-28
24678,2023-01-19 17:14:52+00:00,1.6161220309942108e+18,"今晨美股活跃度TOP 10：
$TSLA
$AAPL
$NVDA
$AMZN
$NFLX
$META
$COIN
$AMD
$SLV
$MSFT
微软昨天公布裁员细节，计划要裁员10000名员工，大约占员工总数4.5%。给出的原因是核心业务增长放缓以及在人工智能和云计算进行更重的投资。",optionskai,2023-01-19
65236,2022-12-19 17:35:00+00:00,1.604893070985728e+18,"Discord- $NVDA  a better, more executive trading chat room ❤❤❤❤ https://t.co/9tV7SXxveW
Will teach and coach you analysis
$TSLA 
$SPY $UAVS $CETX $DGLY $VTIQ $AESE $USEG $AYRO $CGC $AKRX $MARK $APRN $DKNG $OCGN $TOPS $XSPA $WISA $DKNG $QQQ  $AMAZ $AAPL $ER $M https://t.co/fqdPEqJgvw",KishanToo978,2022-12-19
6790,2023-02-01 07:20:34+00:00,1.6206835127970775e+18,"*Make as much as you want, i've made 35K+ last week. Best room on the net  
https://t.co/dqoVdzKwgc

$AAPL $TSLA $GEVO $QQQ $MSFT $AMD $UAL $PLUG $INO $PTON $CSCO $INTC $NVDA $SQQQ $TQQQ $SPCE $AZN $FMCI $AAL $BA $NKLA $LULU $TIF $TRIL $ITCI $NNOX $AEO $INSG $NLS $WKHS $WORK https://t.co/mO9CwmK8bC",nappedonthebed,2023-02-01
46845,2023-01-01 20:20:34+00:00,1.6096457788588196e+18,@WolfOfWeedST $DIA $PG $GS $BLK $NVDA $UNH $AN $KMX $ABNB $SEDG $Z $XLU,Truly_Slide,2023-01-01
69427,2022-12-15 17:07:55+00:00,1.6034367053058744e+18,"$NVDA in +6.30% Uptrend, growing for three consecutive days on December 13, 2022. View odds for this and other indicators: 
https://t.co/tnsqs6r2Eg https://t.co/oNF6LPST6f",Tickeron,2022-12-15
52223,2022-12-28 17:55:32+00:00,1.6081597311343698e+18,"Tunnel vision

Nailed $NFLX for 170% 

In $NVDA let’s see ! 

Less is more in this market",mattydaytrades_,2022-12-28
59210,2022-12-23 13:04:12+00:00,1.606274474101424e+18,"News; $NVDA Nasdaq Bear Market: 1 Stunning Growth Stock to Buy Like There's No Tomorrow 
    https://t.co/WCibBpr4JX
     #MWN #Stocks @Keanu5004 @OhThreeee  $BLI $AMC $CPMD $DEFTF  via @marketwirenews",chandlerinvesto,2022-12-23
30254,2023-01-15 05:53:18+00:00,1.614500956540121e+18,$NVDA  *Top analyst price target for the week..📈📉🚀  🚀 https://t.co/u8BtVmjFgo,FlashAlart,2023-01-15
$D,,,,,
#nvda    #wallstreetbets  #trading https://t.co/cq41XZ9ME0,,,,,
5009,2023-02-02 03:07:26+00:00,1.6209821944107745e+18,$TSLA #Bitcoin #BTC #ETH $META $QQQ $ARKK $AMC $GME $BBBY #Doge $NVDA,TomAdam42241521,2023-02-02
14198,2023-01-26 21:00:18+00:00,1.6187154758984049e+18,"Watching $aapl $meta $baba $adbe $snow $now $shop $pypl $bidu $msft $amzn $googl $tsla $nvda  $spx $ba for tomorrow. 

🚨SMALL GAINS ADDS UP🚨
Join a service that shows the actual ENTRIES &amp; EXITS not the PEAK
$nflx $amzn $tsla JOIN &amp; TRADE OUR POWERFUL WATCHLIST",optiontradingpr,2023-01-26
70962,2022-12-14 17:11:38+00:00,1.6030752530976276e+18,"$NVDA Top analyst price target for next week📈📉..🚀
https://t.co/6qF3kefr3h",GregLit93979533,2022-12-14
57623,2022-12-24 22:50:04+00:00,1.6067843000197489e+18,"軍の将兵は最後に撃たれる--。

ダーリンたちが次々とマワされていく🐻。

ADBE $AMZN $META $MSFT $NFLX $NKE $NVDA $PYPL などは先に殺害されましたね。

TSLAは今月幽霊を見た＋今大物狙いで来ている $AAPL

チャート at:Jake__Wujastyk https://t.co/7ruESSaJP7",purujpn,2022-12-24
58857,2022-12-23 14:44:54+00:00,1.6062998157797663e+18,"$AVEO $FUBO $ASML What if you could predict the markets 1 - 3 days in advance, with up to 87.4% accuracy? Now you can! You've just gotta check this out ⏩ https://t.co/MlwyCWGpIv ⏪  #sharemarket #trader  $NVDA #NVDA https://t.co/mgfTiLe6FS",ActiveXTrader,2022-12-23
28151,2023-01-17 14:02:47+00:00,1.6153489134391337e+18,"Todays Watchlist 👇🚨

$AMZN   $SHOP   $EH
$TGT   $BYND   $FLR
$NVDA   $MRNA   $RBLX

Always manage your risk and take profits when profits come!

SEE MONEY, TAKE MONEY! #InvestrWatchlist",InvestrTrades,2023-01-17
60507,2022-12-22 17:52:03+00:00,1.6059845273477612e+18,"$NVDA 150 crossed

$TSLA 125 test/cross/squeeze potential 

hard to tell where they take her at this point, seems oversold af tho",StockHollywood,2022-12-22
25402,2023-01-19 05:33:08+00:00,1.6159454326849577e+18,"$nvda Top analyst price target for next week:~
🔗https://t.co/Wii1UKEwa5",Harry58379426,2023-01-19
18891,2023-01-24 00:31:36+00:00,1.6176814883000934e+18,"@DGretta_Author Anything chips has been moving as of late. $NVDA, $ASML, $ACLS, $QCOM, $AEHR",gosoldiers,2023-01-24
96622,2022-11-24 02:25:21+00:00,1.5956044563890831e+18,"Check out our discord group 
for trading Chatroom/community 
https://t.co/MmIMKJhlRN

☝️
📊📈
$EDSA
$KODK
$DOW
$GNUS
$IDEX
$BSBS
$TSLA
$TAOP
$JFK
$CEMI
$SPY
$SHOP
$SMZN
$NVDA
$ROKU
$EBAY
$AMD
$AAPL https://t.co/lgSgvaEUJ1",skitontop1,2022-11-24
90347,2022-11-30 19:24:37+00:00,1.5980352896411935e+18,Need Fast Computer? i9 13900k - #Gaming PC - Nvidia $NVDA RTX 4090 - 32GB DDR5 RAM+2TB SSD+16TB HDD+WiFi https://t.co/XsqiNj4UCN - Buy on eBay #Computer #ad https://t.co/HuppU3d9Ap,Stock_Market_Pr,2022-11-30
38191,2023-01-08 18:53:24+00:00,1.612160557469307e+18,$NVDA  *Top analyst price target for the week..📈📉🚀  🚀 https://t.co/k63VnbQ3WU,OliviaTrade07,2023-01-08
18482,2023-01-24 07:34:54+00:00,1.6177880168059494e+18,"The best place for Traders to Gain  
https://t.co/K9Ss72fQe7

$SPY $AMZN $NVDA $BA $BABA $AMD $NFLX $FB $USO $DAL $UGAZ $DIS $QQQ $TSLA $AAPL $AAL $UBER $TWLO $TWTR $ACH https://t.co/ndaxi6En08",philip30964,2023-01-24
9353,2023-01-30 17:55:40+00:00,1.6201185647191818e+18,"$NVDA Top analyst price target for the week:~
🔗https://t.co/pqQXHKPGVC",TonyMontena2,2023-01-30
51003,2022-12-29 14:18:03+00:00,1.608467386491097e+18,"New Free Options and Stock Discord LINK IN BIO! JOIN NOW! 🇺🇸💸💸🍳

https://t.co/ZABnWuGWQn

$SPX $SPY $AMZN $AAPL $AMD $FB $SHOP $BYND $NVDA $GOOGL $MSFT $TSLA $BA $CMG $INTC $NFLX $JPM $BAC $YM $YM_F $NQ $NQ_F $ES $ES_F $GC $GLD $QQQ $WMT $SQ $TLT $BABA https://t.co/JCXiRM3fWA",stock4632,2022-12-29
70336,2022-12-15 01:07:01+00:00,1.6031948859384873e+18,"My 10 Strongest Stocks Action Summary: Wed 12/14/22

  $BABA:Long/Add
  $NFLX:Long/Add
  $NVDA:Long/Add
  $MRNA:Long/Hold
  $SQ:Long/Hold
  $BA:Long/Hold
  $META:Long/Hold
  $AVGO:Long/Hold
  $NKE:Long/Add
  $ENPH:Long/Hold",EquitySystems,2022-12-15
14541,2023-01-26 17:33:53+00:00,1.618663530206761e+18,"“Invest in what you consume” - Sha Osman
https://t.co/S2WVHUgdwE
$LCID $AMZN $MSFT $HCMC $AAPL $SPY $TSLA $FB $GOOG $BABA $SQ $NFLX $NVDA $etc
$mask https://t.co/yxHnYZMm02",Eliana23865690,2023-01-26
82604,2022-12-06 11:32:56+00:00,1.600090912083673e+18,"Couple of stats and quotes for the week ahead.

Join our discord:https://t.co/ZBTRgpIZow

$ES_F $NQ_F $YM_F $SPY $SPX $QQQ $TLT $FB $AMZN $AAPL $NVDA $NFLX $GOOGL $TSLA $XLK $XLE $XLF https://t.co/fQSe0oT1AH",Smith28301,2022-12-06
13902,2023-01-26 23:02:09+00:00,1.6187461403962245e+18,I liked $NVDA &amp; AMD a lot until last year. Gonna be staying away for a while.,DammitJean,2023-01-26
34912,2023-01-11 06:38:42+00:00,1.6130628297997804e+18,"$NVDA Top analyst price target for next week ...
https://t.co/C7NppufJm5",GregLit93979533,2023-01-11
15519,2023-01-26 00:02:47+00:00,1.6183990130861056e+18,"Most mentioned tickers in #WSB in last 1H

1. $TSLA (184)
2. $SPY (31)
3. $SAY (14)
4. $MSFT (9)
5. $AI (9)
6. $TWTR (7)
7. $AAPL (4)
8. $QQQ (4)
9. $NVDA (4)
10. $AMZN (3)

https://t.co/InT5oXXyaY https://t.co/GeUlHRJQn4",stocksera_bot,2023-01-26
48233,2022-12-31 02:38:13+00:00,1.609016045175726e+18,$NVDA  *Top analyst price target for the week..📈📉🚀  🚀 https://t.co/k63VnbQ3WU,OliviaTrade07,2022-12-31
16971,2023-01-25 02:52:52+00:00,1.6180794269605806e+18,"$NVDA  *ALL THESE LEVELS POSTED AHEAD OF TIME BEFORE THE MARKET OPENED  📈📉🚀
https://t.co/DJMDv0BNbV",Pippa01525057,2023-01-25
27065,2023-01-18 00:23:51+00:00,1.6155052115604562e+18,"Real-time trading alerts from our team of seasoned professionals, best trading room and global trading community. Check out today...https://t.co/LzwYLosY0J

$SPY $QQQ $AMZN $NVDA $BA $TSLA $BABA $AMD $AAPL $NFLX $TWTR $AAL $FB $USO $DAL $TWLO $UBER $UGAZ $DIS $ROKU $TVIX $CRON https://t.co/oW8QFgsbSB",vaikunt305,2023-01-18
27254,2023-01-17 21:25:05+00:00,1.6154602216228168e+18,"$NVDA $SWKS $TSM - Why Semiconductor Stocks Taiwan Semiconductor, Nvidia, and Skyworks Solutions Rallied Today https://t.co/8cLezPvXVr",beeken_tech,2023-01-17
15691,2023-01-25 21:00:15+00:00,1.6183530778111263e+18,"🚀 Today's Top 10 Active #Stocks 🚀
Wed, Jan 25, 2023 @ 04:00 PM EST
1. $TSLA (+0.38%)
2. $AMZN (+0.89%)
3. $T (+6.58%)
4. $MSFT (-0.59%)
5. $AAPL (-0.47%)
6. $SHOP (+10.87%)
7. $AMD (+0.28%)
8. $NVDA (+0.30%)
9. $WBD (+8.59%)
10. $BBD (+0.00%)",thestonkmachine,2023-01-25
15418,2023-01-26 02:23:54+00:00,1.61843452635895e+18,"$ES  🔥Monthly, Weekly, Daily, 4hr
 $SPY $QQQ $NVDA $TSLA $MSFT $AAPL 😎 https://t.co/O2PknLJ46e",KICKFLIPTRIPS,2023-01-26
78062,2022-12-09 03:44:45+00:00,1.6010602550555034e+18,$NVDA swing worked wonders today! You was on today with us?,SaintTrelle,2022-12-09
61564,2022-12-22 06:53:11+00:00,1.6058187153956086e+18,"**Most profitable trading community. Get up to 574% profits

https://t.co/fBiRo2JDI2

$SPY $QQQ $AMZN $NVDA $BA $TSLA $BABA $AMD $AAPL https://t.co/gAKroCsn3A",Alvarez00110,2022-12-22
67679,2022-12-16 19:57:36+00:00,1.603841793124143e+18,"⚡️Ticker: $NVDA
🐻Strike: $280 PUT
🔮Expiring on: 01/20/23
⏰Bought 12/16/22 14:53
🐳128 Contracts
💰Premium Value: $1.68M
🤑Price Paid: $109.40
🏪Spot Price: $166.42",OptionsFlowLive,2022-12-16
29686,2023-01-15 20:31:03+00:00,1.6147218487967498e+18,$NVDA Trading Ideas | Awaiting Short signal. 100% Profitability based on 2 trades. Profit factor is 100. Learn more at https://t.co/uNaBDyBhvH. #NVDASTOCK #stocks https://t.co/a3kkJpVqoS,TradingSin21,2023-01-15
48785,2022-12-30 19:18:35+00:00,1.6089054077954294e+18,$nvda   Analyst price target for next day🚀  https://t.co/Y2jPrv7tIc,Random17723994,2022-12-30
83590,2022-12-05 15:44:26+00:00,1.5997918155862016e+18,"Trending: Semiconductor

$NVDA -0.94 %
$TSM 0.20 %
$WISA -0.36 %
$AMD -1.25 %
$INTC -0.00 %
$TXN -0.13 %
$ARRY -0.68 %
$ENPH -0.65 %
$MRVL -0.96 %
$MU -0.29 %

https://t.co/WV3qS0l6fi",FrenzyCapital,2022-12-05
74886,2022-12-11 21:40:27+00:00,1.6020557406463877e+18,"Top Chatroom
https://t.co/A7cDKEmgwQ

https://t.co/MmIMKJhlRN
Join for both FREE &amp; PREMIUM SERVICE! 
$SPX $SPY $AMZN $AAPL $AMD $FB $SHOP $BYND $NVDA $GOOGL $MSFT $TSLA $BA $CMG $INTC $NFLX $JPM $BAC $YM $YM_F $NQ $NQ_F $ES https://t.co/YW7B6Zc9Vo",skitontop1,2022-12-11
59462,2022-12-23 07:32:03+00:00,1.6061908879894815e+18,"Couple of stats and quotes for the week ahead.

Join our discord:https://t.co/tXysTEKt0s

$ES_F $NQ_F $YM_F $SPY $SPX $QQQ $TLT $FB $AMZN $AAPL $NVDA $NFLX $GOOGL $TSLA $XLK $XLE $XLF https://t.co/2WK25yeWia",Keanu5004,2022-12-23
41090,2023-01-05 20:55:15+00:00,1.6111040620653322e+18,"TRADING STATS FROM today https://t.co/dqoVdzJYqE

$AMZN $AAPL $BA $BABA $FB $TSLA $MSFT $ROKU $NKLA $SPX $SPY $TDOC $COST $ZM $NVDA $BYND $SNAP $TGT $PYPL $V $W https://t.co/9sdhwd5cl2",nappedonthebed,2023-01-05
66233,2022-12-18 21:28:07+00:00,1.6045893510732022e+18,"$AMZN $SPY $V $PLUG $HD $WMT $EOD $PENN $BABA $NVDA $V $AMD $PT $WMT $FSLY $PYPL $BA $BLDP $AMC $BP 

!!!Start trading with us!
https://t.co/LzwYLosqbb https://t.co/fu5hD3tKaQ",vaikunt305,2022-12-18
98493,2022-11-22 17:24:19+00:00,1.5951059092437934e+18,$NVDA Top analyst target price for next week🚀 https://t.co/ML00ibUO0D **`.,stocktrending1,2022-11-22
50700,2022-12-29 16:25:01+00:00,1.608499339294294e+18,"$NVDA daily and 4hour chart..

Showing the daily so you can see how it bounce off 138 at fib support.

On the 4hour chart  you'll see a channel it's been trading inside. I think we will test the top of that channel at 148. If we break out, 157 is my next target
$Spy
$qqq https://t.co/nKjFoil5q2",ContraryTrader,2022-12-29
98962,2022-11-22 13:01:56+00:00,1.5950398794945004e+18,"Trending: Semiconductor

$SOL -0.81 %
$ADI 0.00 %
$NVDA 0.30 %
$ASX 0.00 %
$INTC 0.24 %
$AMD 0.41 %

https://t.co/WV3qS0lE4Q",FrenzyCapital,2022-11-22
49978,2022-12-29 23:04:00+00:00,1.608599745496322e+18,"Don't just sit there during these market fluctuations - buffet up and take advantage of discounted shares from AMC Entertainment.
#Pennystocks #investors #Stockupdates #NASDAQ 
$DIS $BRK.A $NVDA $LUDG $IQST $TSM $AMZN $SHOP $RACE $CRON 💸 $LUDG 
Sponsored by $MLRT -MetAlert, Inc",PubCoInsight,2022-12-29
64278,2022-12-20 13:21:36+00:00,1.6051916915391898e+18,$nvda  *Top analyst price target for the week..📈📉🚀  https://t.co/FWU2OBQbxW,AngelaW01562545,2022-12-20
21770,2023-01-22 11:16:24+00:00,1.6171189836599665e+18,"To share trading point of view join here 
https://t.co/dqoVdzJYqE

$BABA $TSLA $GME $NVDA $FUBO $ZM $AMZN $SHOP $PLUG $TTD $AAPL $AMD https://t.co/J0V32razuy",nappedonthebed,2023-01-22
20466,2023-01-23 14:56:16+00:00,1.6175367021212221e+18,A trade alert originally called on 1/23/2023 for $NVDA just hit 50% profit!,KingStreetBot,2023-01-23
15217,2023-01-26 10:37:48+00:00,1.6185588200237834e+18,Growth Or Value? Which Will Outperform This Decade? $SPYG $META $SPYV $AMZN $NFLX Also $NVDA $TSLA https://t.co/gy7epJus6N,TalkMarkets,2023-01-26
18146,2023-01-24 13:38:51+00:00,1.6178796081285693e+18,Naked Put Screener Results For January 24th https://t.co/xdVRDOZA9v via @Barchart $TSLA $META $SQ $SNOW $AMZN $F $NVDA $UBER,massumeh18,2023-01-24
4563,2023-02-02 13:46:54+00:00,1.6211431210264822e+18,$nvda   Top analyst target price for next week.📈  https://t.co/h1SwJGPGzv,KubNoble001,2023-02-02
45726,2023-01-02 21:51:10+00:00,1.6100309686681272e+18,"$SPY $ASS $BTC $ETH $LINK $MATIC $DOT $ADA $DOGE $SHIB  $PACE $NVDA $KIDS $FEG $PAWG 

BEST DISCORD GROUP 90k MEMBERS JOIN US https://t.co/dqoVdzJYqE https://t.co/L0tLj1diEQ",nappedonthebed,2023-01-02
23162,2023-01-20 18:48:07+00:00,1.616507884967465e+18,#Options Flow Stream Update $NVDA $NFLX $BABA $JD $SPY $QQQ $SPX #OptionsTrading #OptionsFlow #optionstrade #optiontrading #stock #stocks #StockMarket #Investment #investing #invest #investor #investors #UOA https://t.co/Jj64hrHzGB https://t.co/JQCHd7nBN2,OptionsMaxPain,2023-01-20
97249,2022-11-23 16:32:00+00:00,1.5954551321911624e+18,"Check out our discord group 
for trading Chatroom/community 
https://t.co/nKpD0ulT7x
☝️
📊📈
$EDSA
$KODK
$DOW
$GNUS
$IDEX
$BSBS
$TSLA
$TAOP
$JFK
$CEMI
$SPY
$SHOP
$SMZN
$NVDA
$ROKU
$EBAY
$AMD
$AAPL https://t.co/tgekS8KWo4",nappedonthebed,2022-11-23
2323,2023-02-03 19:13:26+00:00,1.621587683658322e+18,"$NVDA Top analyst price target for the week📉🚀
https://t.co/dyv4uxCvsJ",Juliett35612597,2023-02-03
59009,2022-12-23 13:43:09+00:00,1.6062842777165005e+18,"Breaking News: $NVDA Nasdaq Bear Market: 1 Stunning Growth Stock to Buy Like There's No Tomorrow 
    https://t.co/hIOteQ4jNQ
     #MWN #Stocks @AnnaAnn96960216 @power_plays22   via @marketwirenews",HochmanCarly,2022-12-23
68679,2022-12-16 01:23:15+00:00,1.6035613575631053e+18,"$AAPL, $AMZN, $NVDA, $TSLA, $GOOGL, BRK.B, SQ, META, NFLX and more [Video] https://t.co/t5fOqEXAj6",LlcBillionaire,2022-12-16
38146,2023-01-08 20:03:04+00:00,1.6121780928434995e+18,"ALWAYS zoom out the chart to see what’s really going on. 
https://t.co/SP5dEA8EUP

$LCID $AMZN $MSFT $HCMC $AAPL $SPY $TSLA $FB $GOOG $BABA $SQ $NFLX $NVDA $BTC $SHOP $AMC $UNI https://t.co/aiyzSeeIGB",seeashon,2023-01-08
76089,2022-12-10 06:57:20+00:00,1.6014711088340214e+18,"Couple of stats and quotes for the week ahead.

Join our discord:https://t.co/kxatvTWsB2

$ES_F $NQ_F $YM_F $SPY $SPX $QQQ $TLT $FB $AMZN $AAPL $NVDA $NFLX $GOOGL $TSLA $XLK $XLE $XLF https://t.co/q3LWlyttYq",philip30964,2022-12-10
86147,2022-12-03 01:02:34+00:00,1.5988451124063805e+18,"$GOOG $GOOGL $NVDA $PANW $SNOW - Why Nvidia, Alphabet, and Other Tech Stocks Slumped Friday https://t.co/KrS2USJnCZ",beeken_tech,2022-12-03
52253,2022-12-28 17:43:49+00:00,1.6081567826516541e+18,"Best place for day trading, swing trading, stocks and options.....https://t.co/dqoVdzJYqE

$SHLL $GRWG $GLLU $DDOG $NVAX $NVDA $NTES $RH $FUTU $TNK $LYFT $PENN $MU $RVLV $CSCO $AMC $TSLA $PTON $DVAX https://t.co/zcZ4tobtte",nappedonthebed,2022-12-28
84163,2022-12-05 01:46:40+00:00,1.5995809876543037e+18,"Watchlist for 12/5: 

Small Caps:

• $SINT 
• $WISA 
• $NUWE
• $TLRY
• $COSM 
• $MMAT 

Options:

• $DKNG Calls over $16.05 ; Puts under $15.25 

• $NVDA Calls over $172.70 ; Puts under $170.75  

• $TSLA Calls over $196.72 ; Puts under 
$190.54",Dehix_Trades,2022-12-05
24476,2023-01-19 20:02:55+00:00,1.6161643194812703e+18,"Most Active Stocks:
$TSLA $127.65  -$1.13
$BBBY $3.84  -$0.1
$CNCE $8.295  $1.395
$AMZN $94.24  -$1.22
$AAPL $135.935  $0.725
$F $12.235  -$0.175
$AMD $68.5  -$2.03
$NVDA $169.86  -$3.91
$CCL $10.225  -$0.205
$MARA $7.33  $0.42",Tweetologist3,2023-01-19
45386,2023-01-03 05:33:33+00:00,1.610147331571323e+18,"Excited for the start Tomorrow!! So many great setups 📈
🎯Learn how to trade the right way 
https://t.co/UBe6L6eydz

$AMZN $AAPL $BA $BABA $FB $TSLA $MSFT $ROKU $NKLA  $SPY $TDOC $COST $ZM $NVDA $BYND $SNAP $TGT $PYPL  $QQQ $XLP  $NIO $SPX https://t.co/5wfzs7hB0n",seeashon,2023-01-03
54133,2022-12-27 20:44:30+00:00,1.6078398633904947e+18,"Couple of stats and quotes for the week ahead.

Join our discord:https://t.co/cHBFm5ukVe

$ES_F $NQ_F $YM_F $SPY $SPX $QQQ $TLT $FB $AMZN $AAPL $NVDA $NFLX $GOOGL $TSLA $XLK $XLE $XLF https://t.co/Vc7ifwwmJM",KishanToo978,2022-12-27
15710,2023-01-25 20:41:05+00:00,1.618348253006934e+18,"$SPX vs $XLE vs $NVDA vs $VIX

PAST 1 MONTH: https://t.co/0c0B0M6ACQ",BTC_DataInsight,2023-01-25
39857,2023-01-06 17:32:00+00:00,1.6114152985147597e+18,"**Most profitable trading community. Get up to 574% profits
https://t.co/dqoVdzKwgc

$SPY $QQQ $AMZN $NVDA $BA $TSLA $BABA $AMD $AAPL $NFLX $TWTR $AAL $NIO $INO $OXY $CCL $FB $USO $DAL $TWLO $UGAZ $DIS $ROKU $TVIX $CRON $DJIA $SPX $TLRY $SQ $MSFT $GLD $SRNE https://t.co/h0s3d3CegL",nappedonthebed,2023-01-06
37550,2023-01-09 14:00:35+00:00,1.612449257436418e+18,"Markets green in the premarket as investors await the beginning of fourth quarter earnings. 

Long watches $BABA $EXAS $DAWN $CVAC $TDOC $NVDA.",BruceTennen,2023-01-09
27391,2023-01-17 20:11:53+00:00,1.6154418011453522e+18,"Top Chatroom
https://t.co/tXysTF24p2
Join for both FREE &amp; PREMIUM SERVICE!

🗣️👥👤
$SPX $SPY $AMZN $AAPL $AMD $FB $SHOP $BYND $NVDA $GOOGL $MSFT $TSLA $BA $CMG $INTC $NFLX $JPM $BAC $YM $YM_F $NQ $NQ_F $ES $ES_F $GC $GLD $QQQ $WMT $SQ $TLT $BABA $BIDU $ROKU $RTY $IWM $VIX",Keanu5004,2023-01-17
63155,2022-12-21 02:51:41+00:00,1.6053955529210798e+18,"Best discord group over 80k members and even have their own app join here 

https://t.co/dqoVdzKwgc

$TSLA $NVDA $BABA $ZM $TLRY $ABNB $PYPL $EDIT $AMZN $GME $BIDU $FUBO $NFLX $BA $SPY $QQQ $UVXY $AAPL $AVGO $SNDL $FB $FSLY $OSTK $NNOX $PLTR $PTON https://t.co/vqLIfl2dNF",nappedonthebed,2022-12-21
33175,2023-01-12 14:38:12+00:00,1.6135458891336294e+18,"$nvda Top analyst price target for next week... 
https://t.co/N4BhPeAugC",Nicolas97139895,2023-01-12
53782,2022-12-27 22:59:42+00:00,1.6078738890735206e+18,#Options #maxpain chart for $NVDA. Free options app https://t.co/EQL2cC6zjv https://t.co/OFTphK39YK,OptionsMaxPain,2022-12-27
70572,2022-12-14 21:04:12+00:00,1.603133780088488e+18,"Todays Trades 🐼

$TSLA 155p failed.

$MRNA 205c hit +281% (3.60 to 13.72). 

Quick move! Wasn't able to put in alert channels fast enough so mentioned it to members in updates. Congrats if you caught it!

$NVDA 175p hit +26% (3.45 to 4.33) https://t.co/Mhn0Hp1Wa0",PandaOptions,2022-12-14
28542,2023-01-17 04:24:09+00:00,1.6152032943805235e+18,Really good valuation comparison between $nvda $amzn $aapl $f $gm $tsla by @heyitsyashu https://t.co/CAtjCryG2L,yVibrantCapital,2023-01-17
28312,2023-01-17 11:40:35+00:00,1.615313128736297e+18,"$nvda  ""Top analyst price target for next week
https://t.co/B3lNVj57HD",LisaYokley3,2023-01-17
88003,2022-12-02 07:00:17+00:00,1.5985727475838198e+18,"$QQQ Just so much green trading with us today.
https://t.co/izlO7iGeSE

$SOL $BAND $CREAM $JASMY $LEVER 
$BTC $ETH $DOGE $BNB $XRP $MATIC 
$MASK $LTC $IQ $LINK $COSM
$SPY $NVDA $TSLA $DOCK $MASK $DYDX 
$OP $BURGER $TWT https://t.co/ZxVfs2fDEb",Dominic42422840,2022-12-02
70875,2022-12-14 17:53:01+00:00,1.6030856672144507e+18,"$TSLA 
#WINNER
https://t.co/ZBTRgq0AN6
Another early long entry on this one from our levels. Price flew past our target. #satisfied 

$SPY $NDX $IWM $QQQ $BTC $ETH $AAPL $TSLA  $NVDA $NFLX $PLTR $UPST $SNAP https://t.co/WMUHQmptBy",Smith28301,2022-12-14
35983,2023-01-10 14:20:57+00:00,1.6128167695840707e+18,$NVDA   ~Top analyst price target for this week.   https://t.co/7HLLcOotWx,KobyKnowles,2023-01-10
36180,2023-01-10 11:29:36+00:00,1.6127736496223887e+18,"https://t.co/ZBTRgq18CE
Join now
$TSLA $NVDA  $MU $AMZN $MSFT $BABA $NFLX $ADBE $AXP $IBM $CSCO $CVX $INTC $DD $DIS $MCD $MMM $PG $TRV $UNH $NKE $UTX $VZ $WBA $WYNN $XLNX $ACN $FB $NFLX $DLTR $EA $SPY https://t.co/ZsPRifN2UR",Smith28301,2023-01-10
11498,2023-01-28 13:21:14+00:00,1.6193247224577434e+18,"$NVDA  ALL THESE LEVELS POSTED AHEAD OF TIME BEFORE THE MARKET OPENED;-
 https://t.co/lTe7F2hsLr",Shirley88018720,2023-01-28
54780,2022-12-27 16:10:00+00:00,1.607770785204306e+18,"$NVDA got puts on. Lots of them. Today added common at 50SMA and voila, 4% in a matter of minutes. https://t.co/hHP8yyqYZP",MacroSkokie,2022-12-27
85496,2022-12-03 12:36:33+00:00,1.5990197593368535e+18,"welcome to the discord group ❤️🙏
➡️https://t.co/CuKj1XsHDT

$BTC $ETH $BNB $XRP $DOGE 
$LTC $HOOK $MATIC $LINK $CHZ 
$ACA $QLC $HOOK $MFT $JOE 
$OAX $MOB $COCOS $PHB $TWT 
$SPY $NVDA $TSLA $OP $AVXL $BA $QQQk https://t.co/YkYEXJv5DR",MoonBirds15,2022-12-03
32089,2023-01-13 04:24:10+00:00,1.6137537497130885e+18,"⭐⭐⭐ Alert Statistics

🔶 26 Wins - 4 Losses
🔶 86.67% Win Rate
🔶 Monthly Earnings:616.58%
https://t.co/K9Ss72fQe7

$GME $PLTR $BABA $NIO $BLNK 
$SPY $TSLA $SHOP $NVDA $ROKU  $BYND $MRNA $PENN $GMBL $CRM $BONK https://t.co/MuMjjv2VYN",philip30964,2023-01-13
60278,2022-12-22 19:17:35+00:00,1.6060060526500987e+18,"Trending: S&amp;P 500

$TSLA -8.36 %
$MU -4.86 %
$KMX -4.70 %
$MSFT -3.55 %
$APD -1.62 %
$AAPL -3.19 %
$GOOGL -3.16 %
$NVDA -8.68 %
$DIS -1.76 %
$AMZN -4.65 %

https://t.co/WV3qS0l6fi",FrenzyCapital,2022-12-22
77358,2022-12-09 15:42:12+00:00,1.6012408063877652e+18,"To share trading point of view join here 
https://t.co/SP5dEA8EUP

$BABA $TSLA $GME $NVDA $FUBO $ZM $AMZN $SHOP $PLUG $TTD $AAPL $CRV https://t.co/wgOuhLutax",seeashon,2022-12-09
27722,2023-01-17 17:15:31+00:00,1.6153974187107287e+18,Darkpools selling/sold this 175ish level in $NVDA https://t.co/RwKlT4aSRv,SPX_Enthusiast,2023-01-17
70600,2022-12-14 20:50:18+00:00,1.603130282193744e+18,"Helped me get my account green all time. Thanks https://t.co/k4VUHuEvjR
❤️👏📈☝️
$SPY $ES $ADBE $AMZN $MSFT $AAL $ROKU $BABA $CRM $GOOGL $FB $INTU $MRVL $ATVI $TWTR $ORCL $LRCX $AMD $NVDA $TSLA $DKNG $ADBE $TONJ https://t.co/2ncpzLM5NC",Jhonwic65,2022-12-14
10581,2023-01-29 19:37:33+00:00,1.6197818167050732e+18,#SP500 = Weekly Analysis = 29.01.2023 #SPX $SPY #SPY #ES_F $SPX #investing $QQQ $DIA $IWM $TSLA $AMZN $MSFT $XOM $AAPL $NVDA $V $GOOGL https://t.co/1UR93ZhTbP,InvestingAngles,2023-01-29
31815,2023-01-13 12:35:18+00:00,1.613877346397786e+18,"Great place to learn trading and to get instant help join our community 
https://t.co/dqoVdzJYqE

$SPY $NDX $IWM $QQQ $BTC $ETH $AAPL $TSLA $AMC $MRNA $ROKU $AFRM $NURO $NVDA $NFLX $PLTR $UPST https://t.co/84NAM2GPkI",nappedonthebed,2023-01-13
54641,2022-12-27 17:12:44+00:00,1.6077865705596887e+18,"$nvda Top analyst price target for next week:~
https://t.co/bWosyrxuGS",ARU36045726,2022-12-27
11587,2023-01-28 10:28:03+00:00,1.6192811430561792e+18,"$NVDA  Top analyst price target for next week..
https://t.co/FPMWLhLcbu",LisaForest5,2023-01-28
21656,2023-01-22 13:38:33+00:00,1.6171547565306388e+18,"$QCOM
#WINNER
https://t.co/dqoVdzJYqE
Another early long entry on this one from our levels. Price flew past our target. #satisfied 

$SPY $NDX $IWM $QQQ $BTC $ETH $AAPL $TSLA $AMC $ROKU $AFRM $MRNA $NURO $AMD $NVDA $NFLX $PLTR $UPST $SNAP https://t.co/RHo8Pm3US5",nappedonthebed,2023-01-22
30459,2023-01-14 18:30:38+00:00,1.6143291566443438e+18,"What Happened Yesterday in the US Stock Market? | January 13

https://t.co/EK6VEEbVl0 

$SKLZ $QS $FUTU $ACB $FTCH $NIU $TTCF $SHOP $FSR $WMG $F $GM $BYND $TLRY $DAL $AAPL $AMZN $FB $TSLA $NVDA $SPX $SPY $NDX $QQQ",BulldudeC,2023-01-14
1304,2023-02-04 22:23:59+00:00,1.6219980283609784e+18,$TSLA oh my!!! $SPY $AAPL $NVDA https://t.co/JfgiPcjecg,rj34704726,2023-02-04
75710,2022-12-10 17:05:58+00:00,1.6016242760248402e+18,"Here's the intro of today's #MarketOutlook video from 

Watch the full video for free 

 $SPY $SPX $QQQ $IWM $RUT $DIA $TLT $TNX $UUP $GLD $USO $AAPL $TSLA $AMZN $NVDA $BABA $ATVI $SCHW $DOCU $CHWY $LULU
Stock Alerts Discussion Group   https://t.co/B4qvpZzPbq https://t.co/RxR0vnRwOq",rekirdntx20482,2022-12-10
49977,2022-12-29 23:06:04+00:00,1.6086002649149153e+18,"Join the most profitable trading alerts chatroom

https://t.co/MmIMKJhlRN

$SPX $SPY $AMZN $AAPL $AMD $FB $SHOP $BYND $NVDA $GOOGL $MSFT $TSLA $BA $CMG $INTC $NFLX $JPM $BAC $YM $YM_F $NQ $NQ_F $ES $ES_F $GC $GLD $QQQ $WMT $SQ $TLT $BABA https://t.co/WgeBjPFVjg",skitontop1,2022-12-29
50256,2022-12-29 20:22:35+00:00,1.6085591262333624e+18,"$NVDA  Top analyst price target for the week;-
https://t.co/PArt1eUr5x",Random13664585,2022-12-29
1558,2023-02-04 15:12:45+00:00,1.6218895033624535e+18,"Tesla: New treasury ruling provides a huge boost

Read our free breakdown 👇💡👇

https://t.co/TyEmBQMl3l

$TSLA #Tesla #ElonMusk #GOOG #stocks #investing #bonds $SPY $NVDA $MSFT $GOOGL $AAPL $CRM $AMZN  #trading #inflation  #charts #newsletter #cpi #StockMarkets #elon #twitter",Indicator_Alpha,2023-02-04
50738,2022-12-29 16:06:36+00:00,1.6084947029696184e+18,$NVDA  *Top analyst price target for the week..📈📉🚀  🚀 https://t.co/ekMvkFv34U,stockbest001,2022-12-29
73027,2022-12-13 08:04:55+00:00,1.6025752805222973e+18,"ALERTS ☑️
DAILY UPDATE ☑️
WATCHLIST ☑️
JOIN OUR DISCORD 👇👇
https://t.co/NINXxMSIEd
$NIO $BA $TSLA $SPY $AMD $PT $EV $AAPL $ES $ROKU $AMC $TD $QCOM $MRK $UVXY $NVDA $CVS $V $TSM $MARA $xrp https://t.co/6ZanmqmEur",MURALIE622,2022-12-13
6158,2023-02-01 16:03:00+00:00,1.6208149857264108e+18,"“Most winning trading community, Get next winning alerts here:https://t.co/LzwYLosY0J

$SPY $QQQ $AMZN $NVDA $BA $TSLA $BABA $AMD $AAPL $NFLX $TWTR $AAL $NIO $INO $OXY $CCL $FB $USO $DAL $TWLO $UGAZ $DIS $ROKU $TVIX $CRON $DJIA $SPX $TLRY $SQ $MSFT $GLD $BYND $SRNE $SPCE https://t.co/5LAQQNKlyr",vaikunt305,2023-02-01
15715,2023-01-25 20:37:20+00:00,1.6183473082525327e+18,❤️❤️ $SPY $SPX $QQQ $GOOGL $AMZN $AAPL $TSLA $NVDA $AMD $META $SHOP $MSFT $NFLX $FUBO $GME $AMC https://t.co/NydwC8CCBs,optionsful,2023-01-25
90008,2022-11-30 23:43:29+00:00,1.5981004340356465e+18,$SPY 1 day doesn't make a market but it only takes one. Alot of setups going into Follow Through Thursday $AAPL $MSFT $NVDA $AMD $NFLX $META $TSLA just to name a few but what do I know I don't use charts,Liquid_Asset,2022-11-30
79979,2022-12-08 04:35:15+00:00,1.6007105768457503e+18,"$TSLA $TAOP $JFK $CEMI $SPY $QQQ $SHOP $AMZN $NVDA $ROKU $EBAY $AMD $BB $DAL $DOW $KODK $AAPL 
Over 75k+ people. Join now
Discord GROUP https://t.co/ZBTRgq18CE https://t.co/XAwAqQ55x1",Smith28301,2022-12-08
32294,2023-01-12 23:39:52+00:00,1.6136822012704072e+18,"$TAST is up 25% and $Nio is up 12% we are sailing well...! 

$AAPL $AMZN $META $NVDA #Trading $VIX",SaralTrader,2023-01-12
2488,2023-02-03 17:21:18+00:00,1.6215594660753244e+18,尝鲜风靡全球的应用ChatGPT，漫谈人工智能浪潮背后的美股投资机会 （$MSFT $NVDA $GOOG)  221213 https://t.co/eSLV2Kwpl2 来自 @YouTube,william39351860,2023-02-03
46652,2023-01-02 00:27:18+00:00,1.609707871754748e+18,"Best place for day trading, swing trading, stocks and options.....https://t.co/dqoVdzJYqE

$SHLL $GRWG $GLLU $DDOG $NVAX $NVDA $NTES $RH $FUTU $TNK $LYFT $PENN $MU $RVLV $CSCO $AMC $TSLA $PTON $DVAX https://t.co/bmLvYvdDKM",nappedonthebed,2023-01-02
91768,2022-11-29 16:06:02+00:00,1.5976229271003013e+18,"$SPX bearish rising wedge was the entry for puts, also the fact that the 30m was below the 10/50EMA giving it that bearish sentiment 

$AAPL and $NVDA paid https://t.co/wK6lcsHJTD",AJ_Trades1,2022-11-29
45986,2023-01-02 17:12:45+00:00,1.6099609009157693e+18,"$nvda  we started a $100 to $10,000 challenge;-
 https://t.co/oj0WUaLOoW",MaryAnn08121861,2023-01-02
62941,2022-12-21 07:36:37+00:00,1.6054672584989983e+18,$NVDA Top analyst price target for the week📉🚀 https://t.co/WiBZIJ9JPb,MichaelStieven1,2022-12-21
60445,2022-12-22 18:09:16+00:00,1.6059888595519652e+18,@unusual_whales Don't look at $NVDA,Zapotec17,2022-12-22
24372,2023-01-19 21:46:48+00:00,1.6161904638321664e+18,"VIDEO: Market Technical analysis 1/19/2023 https://t.co/rphmIb1My0

$SPX $SPY $IWM $QQQ $XLF $XLV $XBI $LABU $LABD $GDX $JNUG $USO $UNG $GDXJ $CCJ $SMH $TSLA $MSOS $AAPL $TLRY $NVDA $MSFT $NFLX $MARA $XLE #Volatility #Biotech #Market #Stocks #Daytrader #Invest",ChartGuys,2023-01-19
86912,2022-12-02 17:27:57+00:00,1.5987307040909926e+18,"Don't miss the next move in a few hours:https://t.co/izlO7iGeSE

$SOL $BAND $CREAM $JASMY $LEVER 
$BTC $ETH $DOGE $BNB $XRP $MATIC 
$MASK $LTC $IQ $LINK $COSM
$SPY $NVDA $TSLA $DOCK $MASK $DYDX 
$OP $BURGER $TWT https://t.co/aDIIDkRD3o",Dominic42422840,2022-12-02
6122,2023-02-01 16:24:00+00:00,1.6208202684226683e+18,"Open Range + Fib. Levels todays price action. 💯✅💰
$nvda #Lamberskylvls https://t.co/NM4XRwnc7K",Lambersky1,2023-02-01
81338,2022-12-07 05:47:27+00:00,1.600366355160572e+18,"Join the most profitable trading group 
https://t.co/tXysTEKt0s

$GOOG $AAPL $SPY $AMZN $TDOC $TSLA $COST $BA $NFLX $NVDA $TWTR $ZM $NKLA $SAVE $VRM $TRIL  $BBAR $STNG $GLUU $ZNGA $AAL $CACC $ESE $SPCE $FCEL $TRIP $BYND $MRNA https://t.co/8HU6EIplQT",Keanu5004,2022-12-07
56975,2022-12-25 22:33:40+00:00,1.6071425613988086e+18,"Follow us to get instant updates and free trading analysis 
https://t.co/LzwYLosqbb

$SPY $NDX $IWM $QQQ $BTC $ETH $AAPL $TSLA $AMC $ROKU $AFRM $MRNA $NURO $AMD $NVDA https://t.co/j1ibqXTpWI",vaikunt305,2022-12-25
70664,2022-12-14 20:07:50+00:00,1.6031195961934684e+18,"$NVDA  $45,00 a day keeps the 9 to 5 away; For a limited time, we are opening our trading chat-room to the public&gt;~..
https://t.co/rMVQhtgqjM",ClaraSherwood3,2022-12-14
84800,2022-12-04 12:05:10+00:00,1.5993742467021906e+18,"JUST IN: $F 3 Dirt Cheap Dividend Stocks to Buy in December 
    https://t.co/RWQzmhZZ60
     #MWN #Stocks @Sufiy @MoonBirds15  $EQNR $MELI $NVDA  via @marketwirenews",Sniper2707,2022-12-04
36861,2023-01-09 18:32:09+00:00,1.6125175998706115e+18,"#Other
#FinancialMarkets #Manufacturing #Technology #Finance 
#SomewhatBullish
$NVDA $MORN $TSLA $ZM $EXAS 
2023/01/10 03:02
Cathie Wood Watch: Ark Buys More Tesla and Trims Nvidia Stake
https://t.co/4O2FKG6wBX",RRli18,2023-01-09
26970,2023-01-18 02:06:27+00:00,1.6155310307898941e+18,"“Most winning trading community, Get next winning alerts here:https://t.co/dqoVdzKwgc

$SPY $QQQ $AMZN $NVDA $BA $TSLA $BABA $AMD $AAPL $NFLX $TWTR $AAL $NIO $INO $OXY $CCL $FB $USO $DAL $TWLO $UGAZ $DIS $ROKU $TVIX $CRON $DJIA $SPX $TLRY $SQ $MSFT $GLD $BYND $SRNE $SPCE https://t.co/74Kw7hufK9",nappedonthebed,2023-01-18
76111,2022-12-10 06:37:57+00:00,1.601466229625348e+18,"learn trading, get alerts, ideas, updates, analysis ❤️❤️🙏🙏👇👇learn trading, get alerts, ideas, updates, analysis ❤️❤️🙏🙏👇👇
https://t.co/kxatvTWsB2

$AMD $NVDA $TSLA $NDX $SPY $AAPL $BABA $NFLX $ROKU $BA $COST $MCD $WMT $FB $VIX $ES $DKNG $ADBE $UAVS $CETX $DGLY https://t.co/Gq9QVq18eg",philip30964,2022-12-10
26423,2023-01-18 13:58:27+00:00,1.6157102132854825e+18,"$NVDA Top analyst price target for next week  ---&gt; 🚀 
https://t.co/A1lISgjgl7",john039145,2023-01-18
33543,2023-01-12 08:00:14+00:00,1.613445737010049e+18,"$NVDA Top analyst price target for next week ...
https://t.co/C7NppufJm5",GregLit93979533,2023-01-12
48729,2022-12-30 19:55:30+00:00,1.6089146952551055e+18,"LIVE RIGHT NOW

IT IS POWER HOUR! Trade The Final Hour Of 2022 With Us RIGHT NOW On @YouTube!

CLICK &amp; WATCH LIVE: https://t.co/aGO7RnE9Gq

$SPY $TSLA $AAPL $GOOG $AMD $NVDA $AMZN $KALA $RBLX https://t.co/EdSG80anme",TrueTradingGrp,2022-12-30
40826,2023-01-06 01:33:31+00:00,1.6111740881601823e+18,"How the largest stocks performed today

Apple $AAPL -1.1%
Microsoft $MSFT -3%
Google $GOOGL -2.1%
Amazon $AMZN -2.4%
Berkshire $BRK.B -0.5%
$JNJ -0.7%
UnitedHealth $UNH -2.9%
Exxon $XOM +2.2%
Visa $V -0.7%
JPMorgan $JPM -0.8%
Walmart $WMT -0.3%
$TSM -0.8%
$PG -1.2%
$NVDA -3.3%",marketsday,2023-01-06
39835,2023-01-06 17:47:15+00:00,1.6114191371837235e+18,"80k+ members
Do join=&gt;https://t.co/dqoVdzKwgc
 one of the largest stocks and options trading communities with real traders providing analysis.

$NVDA $TSLA $NDX $SPY $AAPL $BABA $NFLX $ROKU $BA $COST $MCD $WMT $FB $VIX $ES https://t.co/1iLWjeJw5W",nappedonthebed,2023-01-06
79499,2022-12-08 14:59:57+00:00,1.600867787425063e+18,"Most active stocks in today's pre market trading

Tesla $TSLA
Carvana $CVNA
$AMD
Apple $AAPL
Amazon $AMZN
Carnival $CCL
Facebook $META
Ciena $CIEN
Sempa $SRE
Intel $INTC
Coca-Cola $KO
Danaher $DHR
$BAC
Ford $F
Nvidia $NVDA
American $AAL
GameStop $GME
Opendoor $OPEN
Palantir $PLTR",ritvikbhanot1,2022-12-08
75811,2022-12-10 14:16:30+00:00,1.601581625250222e+18,"$NVDA Top analyst price target for next week...
https://t.co/2pFDlhbl3d",bankston_janet,2022-12-10
11619,2023-01-28 08:49:27+00:00,1.6192563275656438e+18,@AbdvBinMohammed @AbChartt $nvda,14M28203577,2023-01-28
84258,2022-12-04 21:45:43+00:00,1.599520350089646e+18,"$QQQ is not just a TECH ETF 

It is a TECH heavy ETF with almost 50% tech but it has 15% consumer cyclical stocks and 8% healthcare stocks

We expect the $AAPL, $GOOG, $AMZN, $TSLA, $NVDA, etc to be in the Top 10 holdings. 

But did you expect $PEP and $COST in the top 10? 😀 🤷‍♂️ https://t.co/5Gt6qzLVne",WealthCoachMak,2022-12-04
6379,2023-02-01 14:48:47+00:00,1.6207963074672845e+18,"Best place for day trading, swing trading, stocks and options.....https://t.co/3QI1laZ0f8

$SHLL $GRWG $GLLU $DDOG $NVAX $NVDA https://t.co/6V33yRCoUK",bishnuvardhan,2023-02-01
99570,2022-11-21 19:24:20+00:00,1.594773724351279e+18,"$TSLA The only stock growing 50% in rev/profits is getting further towards value territory.

Forward PEs:

$AMZN   55
$BYDDF  47  
$NVDA    35
$COST    33
$ABNB    35
$TSLA     30

$NKE       28
$NFLX     27
$SBUX    25 
$MSFT $AAPL 22
$GOOG   18",FutureIsTesla,2022-11-21
37722,2023-01-09 11:38:32+00:00,1.6124135114847273e+18,"Top Chatroom
https://t.co/ZBTRgq0AN6

Join for both FREE &amp; PREMIUM SERVICE!

🗣️👥👤
$SPX $SPY $AMZN $AAPL $AMD $FB $SHOP $BYND $NVDA $GOOGL $MSFT $TSLA $BA $CMG $INTC $NFLX $JPM $BAC $YM $YM_F $NQ $NQ_F $ES $ES_F $GC $GLD $QQQ https://t.co/i7YnC1jeoO",Smith28301,2023-01-09
72839,2022-12-13 13:15:00+00:00,1.6026533126411674e+18,"Stock futures rise as investors await key November inflation report!

#Gold +0.4% #copper +1.2% #crypto #Bitcoin +1.9% #Ethereum +2.5%

Strength: $ORCL $BA $MRNA $MRK $FSLR $MRTX $NVDA $PINS $FVR $TSLA $PFE

Weakness: $UAL $FBHS $GFI $AFRM $LLY $NCLH https://t.co/XvdmTTW2q1",Alpha_Bronze,2022-12-13
53051,2022-12-28 11:03:39+00:00,1.6080560761334497e+18,"@saxena_puru @elonmusk 1-Fair enough, most growth stocks have also crashed but not at the same magnitude as $TSLA -69.03% and still no bottom in sight!
$amzn -50.19%, $adbe -40.91%, $nvda -51.99%, $aapl -26.77%, $msft -29.54%, $gooog -39.99%, $nflx -52.83%

2-Unless $Tsla is only a EV startup…",VilaK1974,2022-12-28
15477,2023-01-26 01:07:55+00:00,1.6184154034700493e+18,Since I refuse buying $NVDA up here… Let’s go $XBI MP 90.40$ https://t.co/r04nKu0r8V,dantecapital,2023-01-26
77370,2022-12-09 15:36:27+00:00,1.6012393603175588e+18,"All three cult stocks $AAPL, $TSLA and $NVDA up today 😜🤣",Don7Himanshu,2022-12-09
42621,2023-01-04 20:18:50+00:00,1.6107325060133888e+18,"Best discord group over 80k members and even have their own app join here 

https://t.co/LzwYLosY0J

$TSLA $NVDA $BABA $ZM $TLRY $ABNB $PYPL $EDIT $AMZN $GME $BIDU $FUBO $NFLX $BA $SPY $QQQ $UVXY $AAPL $AVGO $SNDL $FB $FSLY $OSTK $NNOX $PLTR $PTON https://t.co/hX3cbS2u9f",vaikunt305,2023-01-04
16093,2023-01-25 16:18:20+00:00,1.6182821292714312e+18,Traders in the Thinktank have been following $AMZN $BA $NVDA $SHOP $SPY $QQQ today,OpinicusHolding,2023-01-25
20976,2023-01-23 04:45:37+00:00,1.617383027713405e+18,$SQ is approaching a key resistance level here at 76.33 with several tests of it so far already. Watch for a break above towards 80 $SPY $SPX $QQQ $GOOGL $AMZN $AAPL $TSLA $NVDA $AMD $META $SHOP $MSFT $NFLX $FUBO $GME $AMC https://t.co/IihFidlHQG,optionsful,2023-01-23
3524,2023-02-02 22:27:21+00:00,1.62127409646524e+18,"U.S.  Market Movers Thursday
Stay informed: https://t.co/m9nDvKCNFo

S&amp;P 500 Stocks:
$SPY $SPX #SP500 
$TSLA $AAPL $NFLX $META $AMZN $MSFT $NVDA $FANG $PHM $HD $HES $MRO $MCD $SEDG $AMAT $LEN $INTC $AMD $ENPH $TXN $RCL  $WMT $TWTR $APA $DAL $XOM $DVN $LVS $FCX $CZR $SLB $JPM https://t.co/ErKZrLfuHQ",Markets_DTR,2023-02-02
45495,2023-01-03 02:58:19+00:00,1.6101082660334223e+18,"**Most profitable trading community. Get up to 574% profits
https://t.co/NINXxMSaOF
$SPY $QQQ $AMZN $NVDA $BA $TSLA $BABA $AMD $AAPL $NFLX $TWTR $AAL $NIO $btc https://t.co/lvCirL1sPq",MURALIE622,2023-01-03
95342,2022-11-25 17:22:23+00:00,1.5961925899503534e+18,"$NVDA  *Top analyst price target for next week..📈📉🚀
https://t.co/JZB0oyWpWb",Peter29719886,2022-11-25
67341,2022-12-17 03:08:01+00:00,1.6039501142292767e+18,"$NVDA  $4500  a day keeps the 9 to 5 away; For a limited time, we are opening our trading chat-room to the public...~.🚀
🔗https://t.co/YkGS1tudbS",Ana14489515,2022-12-17
54996,2022-12-27 14:45:34+00:00,1.6077495342346117e+18,"$TSLA Get the Alert before the Move Automate, Sleep &amp; Earn with X trades Trader. Plan your trade.

https://t.co/CtKpUg4iNS

$SPY $QQQ $AMZN $NVDA $BA $TSLA $R $BABA $AMD $AAPL $NFLX $TWTR $AAL $SPX https://t.co/YJ5SKWBUkn",Rahul04980546,2022-12-27
5663,2023-02-01 20:01:08+00:00,1.6208749148938158e+18,"$NVDA $1.0M OTM Put 
 
Strike: 205 
Expiration: 2/24/23 
 
*At the Ask* https://t.co/2rNMez1MZS",CheddarFlow,2023-02-01
99043,2022-11-22 09:51:17+00:00,1.5949919015514972e+18,"WFE intensity, litho intensity, inefficiencies of distributed manufacturing, design starts, AR, VR, the general WFE market, and more are also discussed.
Please share the original link in this thread!
$ASML $INTC $TSM $NVDA $LRCX $AMAT $KLAC $ONTO $NVMI 
https://t.co/PCs6gCDtsV",dylan522p,2022-11-22
5945,2023-02-01 18:03:06+00:00,1.6208452109925294e+18,"CORRECTION: No trades were recommended by our algorithms today. Make sure to follow @TrevelFund
for future updates! 

$TSLA $SPY $AAPL $AMZN $QQQ $PLTR $TQQQ $NVDA $META $ARKK $F $MSFT $GOOGL $VTI $VXX  $AMC #BTC  $MSFT #NFLX",TrevelFund,2023-02-01
10323,2023-01-30 02:34:14+00:00,1.6198866788182958e+18,"**Most profitable trading community. Get up to 574% profits
https://t.co/LzwYLosY0J

$SPY $QQQ $AMZN $NVDA $BA $TSLA $BABA $AMD $AAPL $NFLX $TWTR $AAL $NIO $INO $OXY $CCL $FB $USO $DAL $TWLO $UGAZ $DIS $ROKU $TVIX $CRON $DJIA $SPX $TLRY $SQ $MSFT $GLD $SRNE https://t.co/0Uwc96UGRX",vaikunt305,2023-01-30
32898,2023-01-12 17:21:53+00:00,1.613587078540923e+18,"$NVDA
One of the cleanest intraday patterns I've ever seen..

Dip got bought in morning at 9 and 20 ema on daily chart, breaking 160 resistance, intraday trend line break, 9 + 20 ema on 5 minute nice and tight to breakout spot, lower wicks on 15 min under moving averages

CLEAN https://t.co/VIByihkqTl",Braczyy,2023-01-12
87703,2022-12-02 12:03:44+00:00,1.5986491136287252e+18,"Guys, Don't miss the next move in a few hours..
https://t.co/n1dj0dZZtk

$BAND $CREAM $JASMY $LEVER 
$BTC $ETH $DOGE $BNB $XRP $MATIC 
$MASK $SOL $LTC $IQ $LINK $COSM
$SPY $NVDA $TSLA $DOCK $MASK $DYDX 
$OP $BURGER $TWT https://t.co/m4eXXruk0a",Miketys93226732,2022-12-02
42898,2023-01-04 17:01:49+00:00,1.6106829273729597e+18,"**Most profitable trading community. Get up to 574% profits
https://t.co/ilLcUCq9qL

$SPY $QQQ $AMZN $NVDA $BA $TSLA $BABA $AMD https://t.co/0TtNWtp7Ul",dowjone620,2023-01-04
89513,2022-12-01 13:29:35+00:00,1.59830832881562e+18,"$NVDA  Top analyst price target for next week:;~
https://t.co/7PtJ4IEry7",JuliaPe84160533,2022-12-01
1039,2023-02-05 10:37:52+00:00,1.6221827137791836e+18,"$NFLX $TAOP $JFK $CEMI $SPY $TSLA $SHOP $AMZN $NVDA $ROKU $EBAY $AMD $BB $DAL $DOW $KODK $AAPL 
Over 90K+ people. Join now
Discord group
https://t.co/LzwYLosqbb https://t.co/brxbfP2QZh",vaikunt305,2023-02-05
53792,2022-12-27 22:51:06+00:00,1.6078717238731448e+18,I'd like to provide relief to growth stock investors. $TSLA $NVDA $CRWD,333999sm,2022-12-27
12026,2023-01-27 23:10:50+00:00,1.6191107144337572e+18,"I bought these today: $NVDA, $ADBE, $SSD, $SPGI, $CMCSA (small), $ALGN (small), $SHOP (small), $EL, $POWI (small), $MCO, $PRI (small).",GoodwillTrader,2023-01-27
20772,2023-01-23 12:02:45+00:00,1.6174930325085757e+18,"Most mentioned tickers in #WSB in last 1H

1. $TSLA (6)
2. $NVDA (4)
3. $SPY (4)
4. $DAWN (2)
5. $BODY (2)
6. $ET (1)
7. $GOVT (1)
8. $COIN (1)
9. $RAD (1)
10. $AXSM (1)

https://t.co/InT5oXXyaY https://t.co/nah7soGRAG",stocksera_bot,2023-01-23
41355,2023-01-05 17:28:04+00:00,1.6110519207850476e+18,@AcetheKidKT $NVDA $TSLA will bounce. Don't believe me. I'm just joking.,StockTodaysNews,2023-01-05
11299,2023-01-28 18:18:24+00:00,1.6193995099808932e+18,"What Happened Yesterday in the US Stock Market? | January 27

https://t.co/tAI1BZkJ9u

$LCID $TTCF $COIN $FSR $BYND $FTCH $AFRM $TSLA $INTC $CVX $CHTR $TME $WB $MRNA $WMG $AAPL $AMZN $FB $TSLA $NVDA $SPX $SPY $NDX $QQQ",BulldudeC,2023-01-28
1051,2023-02-05 10:29:40+00:00,1.622180651536638e+18,"$NVDA  Top analyst price target for the week📉🚀
 https://t.co/TXhiMms4U6",angela28758693,2023-02-05
52720,2022-12-28 14:30:08+00:00,1.608108038141145e+18,$nvda   Top analyst price target for stocks for the week ➟➟     https://t.co/XgI7lPCrcB,ariahscott08,2022-12-28
40742,2023-01-06 03:06:20+00:00,1.611197444716626e+18,"New Free Options and Stock Discord LINK IN BIO! JOIN NOW! 🇺🇸💸💸🍳

https://t.co/nDMgwRXfNX

$SPX $SPY $AMZN $AAPL $AMD $FB $SHOP $BYND $NVDA $GOOGL $MSFT $TSLA $BA $CMG $INTC $NFLX $JPM $BAC $YM $YM_F $NQ $NQ_F $ES $ES_F $GC $GLD $QQQ $WMT $SQ $TLT $BABA https://t.co/YXryRJ2byM",stock64292268,2023-01-06
28298,2023-01-17 11:53:21+00:00,1.6153163409775903e+18,"$NVDA  Top Analyst Price Targets for next week 
https://t.co/p2wkMKMcff",Random13664585,2023-01-17
94960,2022-11-26 03:07:27+00:00,1.5963398234970644e+18,"BLACK FRIDAY SALE!! Get 30% Off Trade Ideas 
Use code: FRIDAY30 
via:- https://t.co/e3yzqPyDUD 

#finance #stockmarket 
#stocks #investing 
 $spx #crypto 
$btc $twtr 
$NVDA $AMD 
$ETC $CVX 
$GOOGLE $META 
$SPY $BABA https://t.co/aq75oR6hgv",Trade297353460,2022-11-26
99093,2022-11-22 06:47:07+00:00,1.5949455531541176e+18,"$NVDA  Top analyst price target for next week..
https://t.co/GuhahlXdQ8",dipbala14,2022-11-22
67477,2022-12-16 23:20:20+00:00,1.60389281255415e+18,"Notice when we break the 50 day moving average it isn’t just a slight break through, it generally is a steep drop afterwards.  This upcoming week could be a technical waterfall.  $SPY $QQQ $NVDA $AAPL $TSLA #SPX",WinstonCLU,2022-12-16
30962,2023-01-14 00:43:44+00:00,1.6140606609958912e+18,"$QCOM
#WINNER
https://t.co/LzwYLosqbb
Another early long entry on this one from our levels. Price flew past our target. #satisfied 

$SPY $NDX $IWM $QQQ $BTC $ETH $AAPL $TSLA $AMC $ROKU $AFRM $MRNA $NURO $AMD $NVDA $NFLX $PLTR $UPST $SNAP https://t.co/eSuTivWZZb",vaikunt305,2023-01-14
78822,2022-12-08 19:53:01+00:00,1.600941537076314e+18,$NVDA ##NDX update https://t.co/ndCEa5iTZx,SalmanWave3,2022-12-08
54409,2022-12-27 19:00:17+00:00,1.6078136389744763e+18,"Top Decliners (&gt;$30)
$SOGU $DPHAY $SARK $OASPW $BNTX $MSTR $MRNA $FNGU $FXP $TSLA $COIN $CACG $CRSP $GSHD $USLVF $BPHLY $BRZU $VSCO $TXG $SQM $NVDA $TARK $RETA $BEAM $NARI $LUV $SPT $TOSBF $APPN $SEPJF
https://t.co/S59zN0Rzmn",MITickWatcher,2022-12-27
73235,2022-12-13 02:19:58+00:00,1.6024884693051023e+18,"**MY TOP WATCHES FOR TOMORROW!**

**Large / Medium Caps**

$AAPL
$ADBE
$TSLA
$NVDA
$NFLX",RealTEAMTrading,2022-12-13
55177,2022-12-27 13:32:18+00:00,1.6077310972444303e+18,"📣Best stock group join💡

https://t.co/ZABnWuGWQn

$AAPL $FB $BOA $JPM $BAC $GOOG $AMZN $NFLX $TWTR $NVDA $TSLA $INTC $MSFT $TSLA $BA $DAL $CMCSA $UBER $JNJ https://t.co/L4HrH8IbaQ",stock4632,2022-12-27
17813,2023-01-24 16:24:57+00:00,1.6179214051606733e+18,"1000% almost half a mile here. Are you in our discord? We've been on fire!! 

https://t.co/ZABnWuGWQn

 $TSLA $AMZN $BTC.X $FB $NFLX $AMD $MSFT $AMC $NVDA $BABA $NIO $DOGE.X https://t.co/KlurJxMAkP",stock4632,2023-01-24
90643,2022-11-30 15:56:34+00:00,1.5979829307225006e+18,$NVDA This Is What Whales Are Betting On NVIDIA https://t.co/W3b6kS1Op6,SparkNewswire,2022-11-30
75041,2022-12-11 19:01:11+00:00,1.602015656727257e+18,@isaiahthetrader Drop your favorite names. Mine are $NVDA $CAT $SNOW $AAPL $FSLR $ENPH,StayingITMoney,2022-12-11
45052,2023-01-03 13:01:57+00:00,1.610260175222444e+18,@eliant_capital Short $NVDA,chief_profit,2023-01-03
71413,2022-12-14 11:14:48+00:00,1.602985450423038e+18,"$NVDA  Top analyst price target for next week..
https://t.co/FPMWLi2fdu",LisaForest5,2022-12-14
3658,2023-02-02 20:48:59+00:00,1.621249344719491e+18,"Update:
$NVDA 205C reached 14.80 today. From our entry at 2.50 we are +492%. Want to catch the next one with us?

#TradingWarrior #stocks #options #stockoptions #makingmoney #success",options_spartan,2023-02-02
40526,2023-01-06 07:46:43+00:00,1.6112680059793572e+18,"Best place for day trading, swing trading, stocks and options.....https://t.co/dqoVdzKwgc

$SHLL $GRWG $GLLU $DDOG $NVAX $NVDA $NTES $RH $FUTU $TNK $LYFT $PENN $MU $RVLV $CSCO $AMC $TSLA $PTON $DVAX https://t.co/Qr2Juz5O8H",nappedonthebed,2023-01-06
83913,2022-12-05 09:39:16+00:00,1.5996999215608259e+18,"$nvda Top analyst price  target  for next  week:~ 
 https://t.co/PhGVtDDuVz",ManseSin,2022-12-05
62248,2022-12-21 18:14:19+00:00,1.6056277417762488e+18,"$NVDA  Top analyst price target for next week..
https://t.co/B3lNVj4zS5",LisaYokley3,2022-12-21
7655,2023-01-31 18:15:52+00:00,1.620486036341117e+18,"$NVDA $TSLA $AMD $SPY $SPX  
https://t.co/mgzymty6hS",rj34704726,2023-01-31
4060,2023-02-02 17:51:33+00:00,1.6212046926246748e+18,$NVDA https://t.co/litsOCfqYw,dailytradingpit,2023-02-02
95354,2022-11-25 17:10:15+00:00,1.5961895345505608e+18,"Alerts given
Trading Chat on Discord!👇

https://t.co/tXysTEKt0s

JOIN for FREE ✅

💸
$SPY $QQQ $AMZN $NVDA $BA $TSLA $BABA $AMD $AAPL $NFLX $TWTR $AAL $FB $USO $DAL $UBER $UGAZ $DIS $ROKU $CRON $DJIA $SPX $TLRY $SQ $MSFT $GLD $SRNE $SPCE $XOM $NIO $BYND $AMRN $UBER $BRKB $JWN https://t.co/e3m5mfazJ4",Keanu5004,2022-11-25
45066,2023-01-03 12:51:04+00:00,1.6102574357590876e+18,"@opccpro After an inside day, $NVDA gapped up per-market and was rejected at the top of a probable new channel being formed. https://t.co/cPLT5cNB5x",RaySchrijvers,2023-01-03
75717,2022-12-10 17:01:51+00:00,1.6016232404176445e+18,"@contrarian8888 $NVDA still 50% off of it’s 2021 peak.  Are they out of the woods? No, but the crypto miner downturn is already priced in.

Yes it may go down from here, like all chip makers, but most of the sh1t is already priced in.",MacroGyro,2022-12-10
85943,2022-12-03 05:38:10+00:00,1.5989144693921874e+18,"Don't miss the next move in a few hours:
https://t.co/n1dj0dIWrk

$BTC $ETH $BNB $XRP $DOGE 
$LTC $HOOK $MATIC $LINK $CHZ 
$ACA $QLC $HOOK $MFT $JOE 
$OAX $MOB $COCOS $PHB $TWT 
$SPY $NVDA $TSLA $OP $AVXL $BA $QQQ https://t.co/7xLjOsPOw7",Miketys93226732,2022-12-03
62032,2022-12-21 20:37:05+00:00,1.605663669462909e+18,"GREAT DAY!!🔥

$NFLX calls 135%💰💵🔥
$NKE calls 65%💰💵🔥
$MRNA calls 59%💰💵🔥
$TSLA puts  35%💰💵🔥

$SPY swing hit 100%💰💵🔥

🚨SHOW LOVE🚨
🔁20 Retweets For FREE IDEAS!

$SPY $TSLA $SHOP $AMZN $ROKU $NFLX $AAPL $NVDA $AMD $XPEV $TWTR $UPST $SNAP $LI $ROKU $TGT $ABNB",InvestrTrades,2022-12-21
71934,2022-12-13 21:14:13+00:00,1.6027739131336172e+18,"$META LARGE PUT
STRIKE: 105
EXPIRY: 2/17/2023
PREMIUM: $447,270

$GME $PLTR $BABA $NIO $BLNK 
$SPY $TSLA $SHOP $NVDA $ROKU $EBAY $AMD $BB $DAL $QQQ $ZNGA $AAPL $ESE $SPCE $FCEL $BYND $MRNA $PENN $GMBL $CRM $BA  $MMAT $SLNA $VS $COSM $MTTR $OTIC $DOCS $TCOM $PRTS $AFRM $JD $MULN",aaaamhim,2022-12-13
46008,2023-01-02 17:02:19+00:00,1.6099582763926815e+18,"Top stocks by AltRank™ in the last 10 minutes:

1️⃣ $aapl
2️⃣ $amzn
3️⃣ $tsla
4️⃣ $googl
5️⃣ $msft
6️⃣ $ma
7️⃣ $meta
8️⃣ $nvda
9️⃣ $xom
🔟 $pfe

https://t.co/Z5b5Rs7AkX",Sanpei75196862,2023-01-02
16289,2023-01-25 15:04:25+00:00,1.618263528628179e+18,"$NVDA

Locked all for small profits…still good!",LAVAoption,2023-01-25
28752,2023-01-16 23:23:32+00:00,1.6151276426631782e+18,"Best discord group over 80k members and even have their own app join here 

https://t.co/dqoVdzKwgc

$TSLA $NVDA $BABA $ZM $TLRY $ABNB $PYPL $EDIT $AMZN $GME $BIDU $FUBO $NFLX $BA $SPY $QQQ $UVXY $AAPL $AVGO $SNDL $FB $FSLY $OSTK $NNOX $PLTR $PTON https://t.co/uUVz2jJ1gM",nappedonthebed,2023-01-16
84811,2022-12-04 11:43:56+00:00,1.5993689062125322e+18,"$QCOM
#WINNER

Another early long entry on this one from our levels. Price flew past our https://t.co/NINXxMSIEd. #satisfied 

$SPY $NDX $IWM $QQQ $BTC $ETH $AAPL $TSLA $AMC $ROKU $AFRM $MRNA $NURO $AMD $NVDA $NFLX $PLTR $ens https://t.co/PrOqZlnEsn",MURALIE622,2022-12-04
1729,2023-02-04 11:14:59+00:00,1.621829669195772e+18,"$NVDA Top analyst price target for next week..📈...📉..🚀
https://t.co/1t1dyrFdzF",Ava74044688,2023-02-04
59640,2022-12-23 04:00:01+00:00,1.606137526229422e+18,"Biggest Mega-Cap Losers for Dec 22, 2022:
$TSLA -8.88%
$NVDA -7.04%
$ASML -4.30%
$AMZN -3.43%
$MSFT -2.55%
$TSM -2.41%
$AAPL -2.38%
$GOOG -2.20%
$META -2.20%
$GOOGL -2.03%

Research on https://t.co/jp9ZDeBxqV",finance_charts,2022-12-23
922,2023-02-05 13:22:32+00:00,1.622224154442498e+18,"Analyst price target for today&lt;&gt; https://t.co/AHedSxp8R5 

$SPY $QQQ $NDX $DIA $IWM $NFLX $FB $INTC $SMH $AAPL $NVDA $TSLA $ES $YM $AMZN $BA $GS $JPM $IBM $LRCX $C $GOOG",Chat3Free,2023-02-05
84868,2022-12-04 06:21:22+00:00,1.5992877273586278e+18,"“Invest in what you consume” - Sha Osman

https://t.co/Y4SP8YAs3R

$LCID $AMZN $MSFT $HCMC $AAPL $SPY $TSLA $FB $GOOG $BABA $SQ $NFLX $NVDA $BTC $SHOP $SPY https://t.co/PxcEgNxvnF",SheldonKooper7,2022-12-04
75363,2022-12-11 12:37:37+00:00,1.6019191299250586e+18,"Check out our subscriber alerts in our discord

https://t.co/nbm9ktQ1Gl

$EDSA $KODK $DOW $GNUS $IDEX $BOXL $BABA $TSLA $TAOP $JFK $CEMI $SPY $SHOP $AMZN $NVDA $ROKU $EBAY $AMD $LAZR $AAPL https://t.co/mnJQp80t4e",Ajith5930,2022-12-11
15355,2023-01-26 03:18:43+00:00,1.61844831976806e+18,"⭐⭐⭐ Alert Statistics

🔶 26 Wins - 4 Losses
🔶 86.67% Win Rate
🔶 Monthly Earnings:616.58%
https://t.co/SP5dEA8EUP

$GME $PLTR $BABA $NIO $BLNK 
$SPY $TSLA $SHOP $NVDA $ROKU  $BYND $MRNA $PENN $GMBL $CRM $XRP https://t.co/qHP8Rr61Kf",seeashon,2023-01-26
79194,2022-12-08 17:04:30+00:00,1.6008991306995753e+18,$NVDA Tigress Financial Lowers Nvidia PT To $250 From $310,MarcJacksonLA,2022-12-08
61248,2022-12-22 14:41:06+00:00,1.6059364733367337e+18,"+1,500 on the day in less than 10 minutes!

$NVDA / $SPY Shorts off open. https://t.co/oVMLa9Zgrn",AlexsOptions,2022-12-22
62049,2022-12-21 20:12:44+00:00,1.6056575414380175e+18,"The best place for Traders to Gain  
https://t.co/tXysTF24p2

$SPY $AMZN $NVDA $BA $BABA $AMD $NFLX $FB $USO $DAL $UGAZ $DIS $QQQ $TSLA $AAPL $AAL $UBER $TWLO $TWTR $TVIX https://t.co/jKh39m64bk",Keanu5004,2022-12-21
68461,2022-12-16 05:37:49+00:00,1.60362542243174e+18,"$KODK $DOW $GNUS $IDEX $BOXL $BABA $TSLA $TAOP $JFK $CEMI $SPY $QQQ $SHOP $AMZN $NVDA $ROKU $EBAY $AMD $BB $DAL $DOCU 
Alerts before spikes and right as big news drops
Free discord chatroom:https://t.co/dqoVdA1zic https://t.co/CBU9xonvI2",nappedonthebed,2022-12-16
94745,2022-11-26 13:46:15+00:00,1.5965005835441562e+18,$NVDA  Top analyst price target for next week ⚤ https://t.co/QgfF8ddUva,AliviaCampbel12,2022-11-26
24465,2023-01-19 20:07:05+00:00,1.61616537058662e+18,#Options Flow Stream Update $TSLA $NVDA $UAL $SVC $LQD $SPY $SPX #OptionsTrading #OptionsFlow #optionstrade #optiontrading #stock #stocks #StockMarket #Investment #investing #invest #investor #investors #UOA https://t.co/Jj64hrHzGB https://t.co/MmWU2If2Yh,OptionsMaxPain,2023-01-19
43946,2023-01-04 00:55:59+00:00,1.61043986907938e+18,"$NVDA is down 56% from its highs

Here's a summary of the fundamentals via charts from https://t.co/gIAR9kv4p6: https://t.co/QSjNG2lLnd",mainstreetfd,2023-01-04
54725,2022-12-27 16:40:04+00:00,1.607778350231085e+18,$AMD $NVDA $GOOGL NEW ARTICLE : Why These 3 Tech Stocks Should Be on Your Radar in 2023 https://t.co/QWNZMXc6L4 Get all the latest $AMD related news here : https://t.co/4Mfky9beFV,StckPro,2022-12-27
16130,2023-01-25 15:59:16+00:00,1.6182773322336543e+18,"$NVDA Top analyst price target for the week'...~
🔗https://t.co/7vzzfiLE5g",salomons_ed,2023-01-25
16183,2023-01-25 15:32:51+00:00,1.618270681980076e+18,"#Other
#FinancialMarkets #Manufacturing 
#Neutral
$NVDA 
2023/01/26 00:15
Nvidia's AI Goldmine: ChatGPT's Impact on the Company
https://t.co/WYhoIj3kgz",RRli18,2023-01-25
10059,2023-01-30 09:43:01+00:00,1.6199945819401748e+18,"$nvda  LEVELS POSTED FOR STOCKS BEFORE WEEK OPENS
https://t.co/v0F2MHKjC7",MariaOr34452192,2023-01-30
37289,2023-01-09 15:28:10+00:00,1.6124712976694845e+18,"$nvda Top analyst price target for next week.....
https://t.co/KMj7VtssYB",LindaCl57603893,2023-01-09
72570,2022-12-13 15:05:22+00:00,1.6026810886101238e+18,"$NVDA $177.50 Dec 23 2022 PUT ⬇️🌊
Underlying: $187.46
% Difference: 5.61%
Daily $ Volume: $219,842
Volume: 766
OI: 144
IV: 56.66%
Bid/Ask: $2.85/$2.89",optionwaves,2022-12-13
15779,2023-01-25 19:47:13+00:00,1.618334697893032e+18,"@El_DoraDoe no dip buying for me here...its almost time for me to move on actually... $ROKU , $XLE, $NVDA, and $MSFT have my eyes",edgaralandough,2023-01-25
74253,2022-12-12 14:21:54+00:00,1.6023077613411901e+18,"Trending: Semiconductor

$ON -0.18 %
$NVDA 0.44 %
$MU -1.97 %
$MPWR 2.19 %
$AMD -0.23 %
$AVGO 0.23 %
$INTC 0.25 %
$ARRY 0.10 %

https://t.co/WV3qS0l6fi",FrenzyCapital,2022-12-12
33853,2023-01-12 00:16:27+00:00,1.6133290200155136e+18,"“Most winning trading community, Get next winning alerts here:https://t.co/dqoVdzKwgc

$SPY $QQQ $AMZN $NVDA $BA $TSLA $BABA $AMD $AAPL $NFLX $TWTR $AAL $NIO $INO $OXY $CCL $FB $USO $DAL $TWLO $UGAZ $DIS $ROKU $TVIX $CRON $DJIA $SPX $TLRY $SQ $MSFT $GLD $BYND $SRNE $SPCE https://t.co/dIhFXTTzNl",nappedonthebed,2023-01-12
38891,2023-01-07 16:27:26+00:00,1.611761438313558e+18,$NVDA  Top analyst price target for next week.. https://t.co/AJDwO7xoUr,Random17723994,2023-01-07
75481,2022-12-11 05:44:02+00:00,1.6018150468074414e+18,"$nvda Top analyst price target for next  week:~ 
 https://t.co/mGPolzVFhO",ABHIJIT82428685,2022-12-11
48874,2022-12-30 18:10:51+00:00,1.6088883612338094e+18,@vnkumarvnk $NVDA,trades_alt,2022-12-30
65205,2022-12-19 18:00:03+00:00,1.6048993740767273e+18,"Highest options put-call ratio stocks (vol&gt;25k) - BEARISH 🐻

 $NKE     2.47
 $ABNB     1.9
 $AAL     1.83
 $CCL     1.49
 $NVDA    1.37
 $UBER    1.26
 $GOOGL   1.18
 $F       1.15
 $NFLX    1.12
 $WBD     1.04

Explore AI stock forecasts on https://t.co/wMgDIPIrVV",finbrain_t,2022-12-19
50426,2022-12-29 18:47:52+00:00,1.6085352861365944e+18,"$NVDA Strike: 230.00 Expiration: 2023-01-20 Put .NVDA230120P230 Price: 84.47 Size: 3514 Time: 2022-12-29 1:47:51PM
Premium: $29,682,758.00",TWAOptions,2022-12-29
40108,2023-01-06 14:56:20+00:00,1.6113761238873866e+18,#Options Flow Stream Update $TSLA $NVDA $XOM $C $FXI $NDX $IWM $QQQ $SPX #OptionsTrading #OptionsFlow #optionstrade #optiontrading #stock #stocks #StockMarket #Investment #investing #invest #investor #investors #UOA https://t.co/B7BWRcELCf https://t.co/D3mIV57dBN,TickwatcherMF,2023-01-06
33498,2023-01-12 10:32:53+00:00,1.613484153676202e+18,"NVIDIA Co. $NVDA Director Mark A. Stevens Sells 120,000 Shares  https://t.co/CPD6kCxmTv",WatchlistN,2023-01-12
78293,2022-12-09 00:11:41+00:00,1.6010066360885699e+18,"Real-time trading alerts from our team of seasoned professionals, best trading room and global trading community. Check out today...https://t.co/LzwYLosY0J

$SPY $QQQ $AMZN $NVDA $BA $TSLA $BABA $AMD $AAPL $NFLX $TWTR $AAL $FB $USO $DAL $TWLO $UBER $UGAZ $DIS $ROKU $TVIX $CRON https://t.co/hOngi9x62F",vaikunt305,2022-12-09
21494,2023-01-22 17:00:05+00:00,1.6172054718359798e+18,"$NVDA Top analyst price target for next week..📈📉..🚀
https://t.co/avMc1Gp9OQ",EricaAr17992240,2023-01-22
93508,2022-11-28 03:10:04+00:00,1.5970652587616092e+18,"#options ideas for Monday (part 2):

$META - Puts &lt; $111.06
$MSFT - Puts &lt; $247.17
$NVDA - Calls &gt; $163.16
$ORCL - Puts &lt; $82.16
$PFE  - Puts &lt; $48.96
$TSLA - Puts &lt; $180.07

#OptionsTrading",MilkPorkWaffle,2022-11-28
26629,2023-01-18 11:46:28+00:00,1.6156769987641016e+18,"If you’re interested in day trading Stock and Option, You can check this chatroom&gt;https://t.co/dqoVdzKwgc

$MRNA $F $SPY $AAPL $V $WMT $TA $TSLA $BA $MU $NKLA $STC  $FORD $NBY $MICT $SRNE $D $REDU $PT $WMT $GRNQ $NVDA $AMZN https://t.co/PtQq916Adr",nappedonthebed,2023-01-18
25854,2023-01-18 19:57:12+00:00,1.615800495372923e+18,"$gvsi let them run out of shares , then it's our time

$aprn $umpg $coin $evgo $si $gtii $prty $bbby $gtii $negg $megl $spy $fwbi $thmo $rmrk $dbgi $mguy $tonr $htgm $vvos $fdmt $mbly $chpt $chwy $drma $agfy $mgon $negg $legn $asap $bwv $govx $dbmm $tcbp $nvda $axxa $hiru $sbes",Vipervenom1991,2023-01-18
38163,2023-01-08 19:47:27+00:00,1.612174160243077e+18,"$NVDA ALL THESE LEVELS POSTED AHEAD OF TIME BEFORE THE MARKET OPENED&gt;&gt;&gt;
🔗
 https://t.co/VFtwCQAOvR",angela28758693,2023-01-08
60364,2022-12-22 18:39:50+00:00,1.605996549972013e+18,My guess is a lot of  margin calls are hitting $TSLA and $NVDA. Those are retail favorites dropping hard today.,investafter40,2022-12-22
81253,2022-12-07 08:06:42+00:00,1.6004013988224737e+18,"The best place for Traders to Gain  
https://t.co/NINXxMSIEd
$SPY $AMZN $NVDA $BA $BABA $AMD $NFLX $FB $USO $DAL $UGAZ $DIS $QQQ $TSLA $AAPL $AAL $UBER $TWLO $theta https://t.co/omRVXksbNH",MURALIE622,2022-12-07
37765,2023-01-09 09:35:58+00:00,1.612382664895664e+18,@Invesquotes @borrowed_ideas Yea agreed. Wide adoption of AI is good for $nvda and the hyperscalers,smallpotato2021,2023-01-09
68303,2022-12-16 12:50:56+00:00,1.603734422288597e+18,"$nvda Some users already made $1400 before market open today.&gt;~.!
https://t.co/clwEdk8reT",AngieShippy,2022-12-16
5706,2023-02-01 19:47:01+00:00,1.6208713604603453e+18,A trade alert originally called on 1/30/2023 for $NVDA 200C 2/3/23 just hit 150% profit! Check out King Street today to get in when it's called! https://t.co/BwRiEO6VP9,KingStreetBot,2023-02-01
53692,2022-12-27 23:58:18+00:00,1.6078886359317996e+18,"12/27🇺🇸 -29381$

$SKLZ -13.8%
$TSLA -11.4%
$NVDA -7.1%
$ENPH -6.6%
$U -4.2%
$TDOC -2.9%
$AMZN -2.5%
$ABNB -2.0%
$CELH -1.6%

TSLAいよいよ売りは理性的ではなく感情的になってきた
米国株 世界中のお金が集まる🙅‍♂️
→🙆‍♂️世界中のお金が逃げる
になってる

#GameStock
https://t.co/BjSCvVyicH https://t.co/GCaNqorHhB",Biz_zatukora,2022-12-27
32403,2023-01-12 21:48:05+00:00,1.6136540717218284e+18,"Live Day-Trading room, Free access this room and get live alerts. Check out now..https://t.co/tXysTF24p2

$BABA $FB $BRK.B $BRK.A $TSM $V $WMT $JNJ $TSLA $PG $MA $NVDA $HD $JPM $CRM $PYPL $NFLX $MRK $INTC $CMCSA $KO $BAC $T $PFE $NVS $NKE $SAP $TM $PEP $ABT https://t.co/IV6k1ocxEj",Keanu5004,2023-01-12
85550,2022-12-03 12:09:41+00:00,1.5990129958874317e+18,"ALWAYS zoom out the chart to see what’s really going on. 
https://t.co/NINXxMSIEd
$LCID $AMZN $MSFT $HCMC $AAPL $SPY $TSLA $FB $GOOG $BABA $SQ $NFLX $NVDA $BTC $SHOP $AMC $inch https://t.co/i8CMYyDrBX",MURALIE622,2022-12-03
8529,2023-01-31 05:33:13+00:00,1.6202941088699843e+18,"$EBAY Trade Idea
 Best entry was today. Will look for an entry tomorrow. 
https://t.co/dqoVdzKwgc

Watchlist: $PLTR $PTON $CRWD $AMZN $TSLA $EBAY $FUBO $PLUG $SPY $UVXY $NVDA $EDIT $AAPL $PLAN https://t.co/y0ZYGGg3HZ",nappedonthebed,2023-01-31
15214,2023-01-26 10:40:33+00:00,1.6185595121218355e+18,"📈📉📊The Morning Momentum will be at 9 AM EST hosted by @RealJuicyTradez @BullTradeFinder and myself.  
- Look out for the link shortly 👀
- Hope to see you there to discuss the likes of $TSLA $AMD $NVDA $ES $SPY 📈📉📊 https://t.co/QXpt447DUD",BirdLaw_trading,2023-01-26
974,2023-02-05 12:34:04+00:00,1.6222119564962898e+18,"**Most profitable trading community. Get up to 574% profits
https://t.co/NINXxMSIEd
$SPY $QQQ $AMZN $NVDA $BA $TSLA $BABA $AMD $AAPL $NFLX $TWTR $AAL $NIO $INO $OXY https://t.co/IjFpdy30zb",MURALIE622,2023-02-05
4782,2023-02-02 08:20:59+00:00,1.6210611033159926e+18,"$NVDA Top analyst price target for next week..📈📉..🚀
https://t.co/2pFDlgUi1d",bankston_janet,2023-02-02
70914,2022-12-14 17:40:19+00:00,1.6030824716622438e+18,"$NVDA Top analyst price target for next week..📈📉..🚀
https://t.co/6qF3kewu5h",GregLit93979533,2022-12-14
37083,2023-01-09 16:47:47+00:00,1.6124913365102797e+18,"$SPY $QQQ $NDX $DIA $IWM $NFLX $FB $INTC $SMH $AAPL $NVDA $TSLA $ES $YM $AMZN $BA $GS $JPM $IBM $LRCX $C $GOOG 
Stay at home safe and earn money at home by trading marketplace safe.
Click here:https://t.co/tXysTF24p2 https://t.co/FKJOkexv3Y",Keanu5004,2023-01-09
3393,2023-02-03 01:11:08+00:00,1.6213153146414244e+18,"Excited for the start Tomorrow!! So many great setups 📈
🎯Learn how to trade the right way 
https://t.co/NINXxMSIEd
$AMZN $AAPL $BA $BABA $FB $TSLA $MSFT $ROKU $NKLA  $SPY $TDOC $COST $ZM $NVDA $BYND $SNAP $TGT $PYPL  $QQQ $XLP  $NIO $gala https://t.co/v03JOEklim",MURALIE622,2023-02-03
20102,2023-01-23 16:22:45+00:00,1.6175584650560553e+18,At beginning of month I said it had nice upside above 154 my key zone and $nvda Just hit 190 🎯 https://t.co/7nETKvYAtf,bd_dumptruck,2023-01-23
74499,2022-12-12 07:02:21+00:00,1.6021971463122616e+18,"Join the most profitable trading group 
https://t.co/tXysTF24p2

$GOOG $AAPL $SPY $AMZN $TDOC $TSLA $COST $BA $NFLX $NVDA $TWTR $ZM $NKLA $SAVE $VRM $TRIL  $BBAR $STNG $GLUU $ZNGA $AAL $CACC $ESE $SPCE $FCEL $TRIP $BYND $MRNA https://t.co/YqYEF60CUm",Keanu5004,2022-12-12
10131,2023-01-30 06:24:27+00:00,1.6199446146891407e+18,"$PENN Trade idea💡
https://t.co/LzwYLosY0J
Great risk/reward here. 

$DKNG $SPY $QQQ $IWM $SLV $MGM $ROKU $AAPL $AMZN $TSLA $AMD $MU $AMC $GME $DD $NVDA, $FDX, $PEP, $GM, $MDLZ, $LCID, $ADP, $SKX, $SBUX, $CZR, $SABR https://t.co/VFrmjbF7g9",vaikunt305,2023-01-30
45040,2023-01-03 13:06:52+00:00,1.6102614113720852e+18,$TSLA Dip watch. $80 If gm breakdown MAs..wind “numbers” to momo breakdown levels stop dominos to OI PT. Sorry traders will be pissy but if they were covered puts would be free 10x so dumb money ATM 😇 #stocks $AMD $NVDA $SPY $SPX $QQQ $TQQQ $VIX $LUV $META $NIO $AMD $AMC $AAPL https://t.co/ohrI1njuLY,RocketProfitsAF,2023-01-03
15270,2023-01-26 07:01:20+00:00,1.6185043432669184e+18,"Just starting out in technical trading and loving the look of the #NVDA chart - Head and shoulders pattern has me feeling bullish! 
Tips are welcome. 
#trading #technicalanalysis $nvda https://t.co/QNyOAD35k3",Crypto_Ado,2023-01-26
27036,2023-01-18 00:47:29+00:00,1.6155111566130913e+18,"$QCOM
#WINNER
https://t.co/LzwYLosY0J
Another early long entry on this one from our levels. Price flew past our target. #satisfied 

$SPY $NDX $IWM $QQQ $BTC $ETH $AAPL $TSLA $AMC $ROKU $AFRM $MRNA $NURO $AMD $NVDA $NFLX $PLTR $UPST $SNAP https://t.co/wskcFDbhPS",vaikunt305,2023-01-18
26169,2023-01-18 16:07:47+00:00,1.6157427576366367e+18,$nvda pulled 171.60 measures potentially https://t.co/SluPyxHx6S,danshep55,2023-01-18
39777,2023-01-06 18:34:48+00:00,1.6114311032979497e+18,Keep yo eyes on yo own paper n double up 🏁🏁🏁 $SPY $TSLA $NVDA,Whitehousecap,2023-01-06
17054,2023-01-25 01:45:32+00:00,1.6180624809531924e+18,"⭐⭐⭐ Alert Statistics
https://t.co/LzwYLosY0J
🔶 26 Wins - 4 Losses
🔶 86.67% Win Rate
🔶 Monthly Earnings:616.58%

$GME $PLTR $BABA $NIO $BLNK 
$SPY $TSLA $SHOP $NVDA $ROKU $EBAY $AMD $BB $DAL $QQQ $ZNGA $AAPL $ESE $SPCE $FCEL $BYND $MRNA $PENN $GMBL $CRM $BA https://t.co/tmIMefJ3V2",vaikunt305,2023-01-25
47948,2022-12-31 08:11:50+00:00,1.609099999039701e+18,"ALWAYS zoom out the chart to see what’s really going on. 
https://t.co/LzwYLosqbb

$LCID $AMZN $MSFT $HCMC $AAPL $SPY $TSLA $FB $GOOG $BABA $SQ $NFLX $NVDA $BTC $SHOP $AMC $GME https://t.co/SoUDmdHuGv",vaikunt305,2022-12-31
36642,2023-01-09 21:16:30+00:00,1.6125589595709809e+18,"Solid way to start the week. Nice range on the $SPY today. Main tickers $SPX 3840-3845c 3200% 3910p 228% $SNOW long 8pts $NVDA $TSLA $HKD $KALA $CRM $AMD 

Looking forward to tomorrow! Come join us in chat! Link in bio! Issues we can help!

https://t.co/S9bx3Tmjjo https://t.co/aOLFFNs5Br",SpartanTrading,2023-01-09
65348,2022-12-19 16:19:20+00:00,1.6048740301752115e+18,"Highest Volume Per Expiry:
$SPY 🔴 Put 2022-12-19 Contracts: 124,243
$TSLA 🟢 Call 2022-12-23 Contracts: 73,599
$QQQ 🔴 Put 2022-12-19 Contracts: 25,923
$AAPL 🔴 Put 2022-12-23 Contracts: 23,528
$NVDA 🔴 Put 2022-12-23 Contracts: 15,702",marketeyes444,2022-12-19
92982,2022-11-28 15:39:56+00:00,1.597253969138811e+18,"Markets are open! Here are the top 10 traded stocks at tastyworks this morning.

$AAPL $AMZN $TSLA $SHOP $NVDA $COIN $BABA $AMD $XLE $SQ https://t.co/rDECerkjHY",tastyworks,2022-11-28
43306,2023-01-04 13:33:50+00:00,1.6106305844723098e+18,"$nvda   ""Top analyst price target for next week
https://t.co/oj0WUaLOoW",MaryAnn08121861,2023-01-04
50112,2022-12-29 21:20:25+00:00,1.608573680392495e+18,"Most Profitable trading community 
Join our discord group 
https://t.co/LzwYLosqbb

$SPY $TSLA $NIO $EYES $QQQ $UVXY $ES  $FB $BA $GME $NVDA $AAPL $SOL  $AMZN $ORCL $PM $PT $S $SQ $MRO $F https://t.co/5FCEeLxhUB",vaikunt305,2022-12-29
71195,2022-12-14 14:22:58+00:00,1.6030328060908503e+18,"$META getting dumped before open. 

$AAPL $SMH $NVDA $AMZN $QQQ $MSFT $GOOGL $SMH $INTC $TSM $MU $META $FDX  $SNAP $NFLX $TSLA $F $GM $PTON $COIN $MSTR $ARKK $IWM $HOOD $ROKU $TWTR $PINS $CVNA $XOM $CVX $XLE $FCX $X $CLF $AA $BA $AMC $GME $SQ $PYPL $XLF $C $BAC $JPM $MS $GS https://t.co/xxSQInZNOx",aaaamhim,2022-12-14
75648,2022-12-10 20:09:59+00:00,1.6016705853520896e+18,"3u - $GLD* $GOLD*

2u - $ABBV* $ABT $AVGO $AZN* $BA $BABA* $BIDU* $BILI* $BNTX* $BSX* $BUD* $CPB* $CI* $CL* $FUTU* $GDX $GDXJ $GILD $JD $KHC* $KWEB* $NFLX* $NKE $NVDA* $OKTA* $PDD* $PFE* $PG* $PM* $SIG* $SLV* $SPLK $ULTA* $WYNN*

2d-2u rev - $MDB $XPEV",everybodylies36,2022-12-10
67227,2022-12-17 06:29:42+00:00,1.604000869380264e+18,"Check out our subscriber alerts in our discord

https://t.co/tXysTEKt0s

$EDSA $KODK $DOW $GNUS $IDEX $BOXL $BABA $TSLA $TAOP $JFK $CEMI $SPY $SHOP $AMZN $NVDA $ROKU $EBAY $AMD $LAZR $AAPL https://t.co/NQGwNV7wVt",Keanu5004,2022-12-17
53179,2022-12-28 07:45:23+00:00,1.6080061810287944e+18,"$TSLA 
Pre-covid high: $64
Today: $109

$AAPL 
Pre-covid high: $80
Today: $130

$MSFT
Pre-covid high: $186
Today: $237

$GOOG
Pre-covid high: $76
Today: $88

$AMZN
Pre-covid high: $109
Today: $83

$META
Pre-covid high: $224
Today: $117

$NVDA
Pre-covid high: $78
Today: $141",agrawalmohit12,2022-12-28
90615,2022-11-30 16:12:22+00:00,1.5979869067423252e+18,$NVDA   Top analyst price target for next week.. https://t.co/WrYDCJArFb,Rosie94174146,2022-11-30
9643,2023-01-30 15:38:02+00:00,1.620083928467112e+18,"Get instant updates and free trials join here 

https://t.co/1wJPCC9wqe

$AMZN  $BABA $NVDA $TWTR $BTC.X $BTC.X $ROKU $INC $NKE $TOPS $XROP.X https://t.co/TqJCugFYzE",XTRADERS9,2023-01-30
57059,2022-12-25 21:03:03+00:00,1.6071197571737313e+18,Which stock is the best to invest? Compare $NVDA vs. $TXN. #NVIDIA https://t.co/8G6wjoSSQ6 https://t.co/yuSfbHwakB,Tickeron,2022-12-25
40790,2023-01-06 02:18:10+00:00,1.61118532352623e+18,"$NVDA Top analyst price target for next week..📈...📉..🚀
https://t.co/46zA8RX5tl",RobertM53826291,2023-01-06
80359,2022-12-07 20:34:48+00:00,1.6005896666206945e+18,"Trending: S&amp;P 500

$AAPL -2.02 %
$NVDA 0.33 %
$WFC -1.83 %
$TSLA -4.06 %
$SEDG 3.25 %
$MSFT -0.49 %
$C -0.75 %
$META -0.42 %
$PFE 1.10 %
$GOOGL -2.28 %

https://t.co/WV3qS0l6fi",FrenzyCapital,2022-12-07
94948,2022-11-26 03:50:08+00:00,1.596350566606639e+18,"Top 15 Artificial Intelligence stocks with market cap over 1 billion in 5 days. 

https://t.co/0PbauBtcb3

$GH $NVDA $CRM $MSFT $CRWD $META $DT $TSLA $GOOG $INFA $AMZN $INTC $SNOW $PRO $S

🚀🚀🚀🚀🚀 https://t.co/dO4SdEMyIb",stockresearchhq,2022-11-26
73468,2022-12-12 21:37:22+00:00,1.6024173510264218e+18,"“Most winning trading community, Get next winning alerts here:https://t.co/ZBTRgq18CE

$SPY $QQQ $AMZN $NVDA $BA $TSLA $BABA $AMD https://t.co/VFWyDu0Mih",Smith28301,2022-12-12
9856,2023-01-30 13:49:52+00:00,1.6200567040787333e+18,"Todays Watchlist 👇🚨

$TSLA   $CVNA   $AI
$GME   $BYND   $OLN
$BABA   $NFLX   $NVDA

Always manage your risk and take profits when profits come!

SEE MONEY, TAKE MONEY! #InvestrWatchlist",InvestrTrades,2023-01-30
74042,2022-12-12 16:02:33+00:00,1.6023330917202084e+18,"Trending: Semiconductor

$ON -1.42 %
$NVDA 0.63 %
$MU -1.77 %
$MPWR 0.76 %
$TXN -0.13 %
$ADI 0.12 %
$STM 0.24 %
$KLIC 0.65 %
$SPI 0.74 %
$CEVA 1.74 %

https://t.co/WV3qS0l6fi",FrenzyCapital,2022-12-12
45521,2023-01-03 02:25:02+00:00,1.6100998894087414e+18,$TSLA $NVDA $SNAP on watch tomorrow!,MambaCalls,2023-01-03
76504,2022-12-10 00:21:36+00:00,1.6013715165241795e+18,"Couple of stats and quotes for the week ahead.

Join our discord:https://t.co/A7cDKEmgwQ

https://t.co/MmIMKJhlRN

$ES_F $NQ_F $YM_F $SPY $SPX $QQQ $TLT $FB $AMZN $AAPL $NVDA $NFLX $GOOGL $TSLA $XLK $XLE $XLF https://t.co/T0F3lkH7zi",skitontop1,2022-12-10
6317,2023-02-01 15:07:12+00:00,1.620800941774762e+18,$NVDA Awaiting Short Signal based off 21 signals on the 30-min chart. Free Trial at https://t.co/emZsi1l8C5 https://t.co/cg3fx32667,TradingChromat1,2023-02-01
17968,2023-01-24 15:02:14+00:00,1.6179005905747558e+18,"#Markets
#FinancialMarkets #Manufacturing #Earnings #Technology #Blockchain 
#SomewhatBullish
$MSFT $SNEJF $NVDA $SKM $NCBDF $QCOM $NTDOF $SQNXF $ICNB $IOC 
2023/01/24 23:31
https://t.co/NbXmU4YpsK",RRli18,2023-01-24
943,2023-02-05 13:02:28+00:00,1.6222191047309885e+18,"Check out our discord group 
for trading Chatroom/community 
https://t.co/ZBTRgq0AN6
☝️
📊📈
$EDSA
$KODK
$DOW
$GNUS
$IDEX
$BSBS
$TSLA
$TAOP
$JFK
$CEMI
$SPY
$SHOP
$SMZN
$NVDA
$ROKU
$EBAY
$AMD
$AAPL https://t.co/7ZYuqKgfKA",Smith28301,2023-02-05
35501,2023-01-10 19:08:51+00:00,1.6128892226580685e+18,Best day of the year. Still green every day. $qqq &amp; $nvda today. https://t.co/RcsurXW80b,napoleon_says_,2023-01-10
2313,2023-02-03 19:17:56+00:00,1.6215888171144684e+18,"$NVDA 210 Puts, expiring 6/16/2023 https://t.co/cF2AYTTjfk",OwlsKayvon,2023-02-03
93368,2022-11-28 05:57:53+00:00,1.5971074933350728e+18,"Top Chatroom
https://t.co/nbm9ktQzvT
Join for both FREE &amp; PREMIUM SERVICE!

🗣️👥👤
$SPX $SPY $AMZN $AAPL $AMD $FB $SHOP $BYND $NVDA $GOOGL $MSFT $TSLA $BA $CMG $INTC $NFLX $JPM $BAC $YM $YM_F $NQ $NQ_F $ES $ES_F $GC $GLD $QQQ $WMT $SQ $TLT $BABA $BIDU $ROKU $RTY $IWM $VIX https://t.co/xrijye6XBD",Ajith5930,2022-11-28
52673,2022-12-28 14:55:09+00:00,1.6081143352424899e+18,"ALWAYS zoom out the chart to see what’s really going on. 
https://t.co/dqoVdzJYqE

$LCID $AMZN $MSFT $HCMC $AAPL $SPY $TSLA $FB $GOOG $BABA $SQ $NFLX $NVDA $BTC $SHOP $AMC $GME https://t.co/htAXnqNzNL",nappedonthebed,2022-12-28
19074,2023-01-23 22:05:13+00:00,1.617644647664472e+18,@jbranchini1 @Jedi_ant $NVDA chart is simply unreal.,jazzduo77,2023-01-23
13485,2023-01-27 06:54:55+00:00,1.6188651159144366e+18,"#NVDA

Im watching $NVDA to the downside for #LottoFriday I want to see it under $190. I think It can see 182-180 possibly 178. The only way this works is if we get some movement up in $VIX. https://t.co/qqTgTviGA3",CaptainWick,2023-01-27
40891,2023-01-06 00:03:49+00:00,1.6111515154770698e+18,"Trending: Nasdaq 100

$AMZN -2.30 %
$AAPL -0.94 %
$TSLA -3.07 %
$NVDA -3.19 %
$MSFT -2.92 %
$NFLX 0.10 %
$PDD 4.91 %
$CSCO -1.41 %
$TMUS 3.54 %
$GOOGL -2.07 %

https://t.co/WV3qS0l6fi",FrenzyCapital,2023-01-06
69582,2022-12-15 15:36:12+00:00,1.6034136246634578e+18,"🚨 LARGE PUT SWEEP ORDER 🚨

STOCK: $NVDA
STRIKE: 170
EXPIRY: 12/16/2022
PREMIUM: $309,490",Trade_Variance,2022-12-15
63919,2022-12-20 16:38:03+00:00,1.6052411283699139e+18,"$NVDA 

Re-entered with all profits.

Using profits ONLY, anticipating a 160 break because sheesh under that can move a lot and be a big trade. 

I’m okay with this re-entry being a loss, so keep that in mind.",DeepPocketsITM,2022-12-20
7060,2023-02-01 02:24:21+00:00,1.6206089671720428e+18,"To share trading point of view join here 
https://t.co/dqoVdzKwgc

$BABA $TSLA $GME $NVDA $FUBO $ZM $AMZN $SHOP $PLUG $TTD $AAPL $AMD https://t.co/Vy48bmxFKz",nappedonthebed,2023-02-01
56392,2022-12-26 16:37:44+00:00,1.6074153757881426e+18,"@plays4days1 Earnings season starting in in couple of weeks, is going to be shake up FOMO in perma-bulls. 

$AAPL will miss for the first time in this bear market

$NVDA will see huge decline in Datacenter revenue

Both are going to be ugly",SriniKoganti,2022-12-26
95667,2022-11-25 06:25:11+00:00,1.596027197466497e+18,"$NVDA Top analyst price target for next week
 https://t.co/1onZAt6krT",AnnaAnn96960216,2022-11-25
58282,2022-12-23 21:00:33+00:00,1.606394352925872e+18,"Great place to learn trading and to get instant help join our community 
https://t.co/dqoVdzJYqE

$SPY $NDX $IWM $QQQ $BTC $ETH $AAPL $TSLA $AMC $MRNA $ROKU $AFRM $NURO $NVDA $NFLX $PLTR $UPST https://t.co/PUn6rGuWMv",nappedonthebed,2022-12-23
67598,2022-12-16 21:04:23+00:00,1.6038586031940813e+18,"Santa? SANTA??? Another solid gap down, next week will be very interesting. $SPY $SPX $NVDA https://t.co/knZl1AHFN5",MikeSPXZero,2022-12-16
65681,2022-12-19 12:23:00+00:00,1.6048145559552164e+18,"Trending: Nasdaq 100

$GOOGL 0.38 %
$NVDA 0.36 %
$TSLA 3.26 %
$AAPL 0.75 %
$CTAS 0.00 %
$PAYX -0.57 %
$AMD 0.50 %
$MSFT 0.45 %
$MU 0.33 %
$GOOG 0.39 %

https://t.co/WV3qS0l6fi",FrenzyCapital,2022-12-19
61576,2022-12-22 06:08:10+00:00,1.6058073895710474e+18,"$NVDA Top analyst price target for next week
 https://t.co/oj0WUb2RqW",MaryAnn08121861,2022-12-22
81042,2022-12-07 13:16:19+00:00,1.6004793168982467e+18,"$CEMI $SPY $TSLA $SHOP $AMZN $NVDA $ROKU $EBAY $AMD $BB $DAL $DOW $KODK $AAPL $ESE $SPCE $FCEL $TRIP $BYND
Most profitable trading community https://t.co/g4VW8AXzw0 https://t.co/ORtaWaxpAD",skitontop1,2022-12-07
80696,2022-12-07 16:50:04+00:00,1.6005331100089876e+18,"Trending: Nasdaq 100

$NVDA -0.54 %
$AAPL -1.34 %
$ABNB -4.32 %
$BKNG -3.99 %
$MSFT -0.42 %
$AMD 0.10 %
$TSLA -3.58 %
$GOOGL -1.48 %
$AMZN -0.41 %
$AZN 0.07 %

https://t.co/WV3qS0l6fi",FrenzyCapital,2022-12-07
17224,2023-01-24 22:30:02+00:00,1.6180132834492047e+18,"【過去記事】NVDAジェットコースターや https://t.co/JM4jWPLrVl
$NVDA",beikabusokuho,2023-01-24
93883,2022-11-27 19:32:26+00:00,1.5969500915036365e+18,"$NVDA  Trade the US stock market? They just hit a stock that turned $2 to $10, anyone who had $2000 turned to $10,000

See group ,,
 https://t.co/N8C5z4NBF9",Luna51759463,2022-11-27
47850,2022-12-31 13:10:10+00:00,1.60917507935479e+18,"$nvda '''ALL THESE LEVELS POSTED AHEAD OF TIME BEFORE THE MARKET OPENED '''
https://t.co/nRPFqGpUzG",EricaTe85892054,2022-12-31
28603,2023-01-17 03:13:14+00:00,1.6151854491942298e+18,@iCurlyCae $NVDA,McGregersss,2023-01-17
9026,2023-01-30 21:07:33+00:00,1.6201668535481917e+18,"If you’re interested in day trading Stock and Option, You can check this chatroom&gt;https://t.co/dqoVdzKwgc

$MRNA $F $SPY $AAPL $V $WMT $TA $TSLA $BA $MU $NKLA $STC  $FORD $NBY $MICT $SRNE $D $REDU $PT $WMT $GRNQ $NVDA $AMZN https://t.co/4nChdJqZe4",nappedonthebed,2023-01-30
30573,2023-01-14 14:38:55+00:00,1.614270845324755e+18,$NVDA   *ALL THESE LEVELS POSTED AHEAD OF TIME BEFORE THE MARKET OPENED..📈📉🚀   https://t.co/AMj3zB4yrF,MariaWi64927347,2023-01-14
36289,2023-01-10 06:51:01+00:00,1.612703539465433e+18,"@TgMacro ""Tech bouncing with upside room"". What does this mean? The tech I'm looking at is still overpriced even if a recession ISN'T coming. They're not oversold either.
$NVDA $AAPL $AMD $AMZN $TSLA.",R_Linderoth,2023-01-10
54883,2022-12-27 15:12:38+00:00,1.6077563471262024e+18,"$NVDA perk vwap 

$NFLX exact same pattern

matching $SPY",StockHollywood,2022-12-27
42879,2023-01-04 17:10:36+00:00,1.610685138005889e+18,"⚡️Ticker: $NVDA
🐻Strike: $225 PUT
🔮Expiring on: 01/20/23
⏰Bought 01/04/23 12:15
🐳3028 Contracts
💰Premium Value: $25.20M
🤑Price Paid: $83.64
🏪Spot Price: $145.64",OptionsFlowLive,2023-01-04
59965,2022-12-22 22:04:37+00:00,1.6060480858423542e+18,"$NVDA Top analyst price target for next week
 https://t.co/FPMWLi2fdu",LisaForest5,2022-12-22
817,2023-02-05 14:49:46+00:00,1.6222461084822282e+18,"FOCUS LIST 

$NVDA
$MRNA
$AMD
$TSLA
$XLE
$DIS
$CMG

Lets crush this week.",edgaralandough,2023-02-05
63730,2022-12-20 18:46:08+00:00,1.6052733608704492e+18,"$NVDA  *Top analyst price target for stocks for the week.
https://t.co/4Md1ozfkpR",jardan29216781,2022-12-20
59618,2022-12-23 04:26:34+00:00,1.6061442076466422e+18,"Hi everyone, Make big profits with us 
https://t.co/tXysTEKt0s

$MCRB $WYNN $LCA $CGC $OMER $MELI $BTC.X $OXY $HCAC $INO $KODK  $SLV $OMER $PENN $SOHU $OSTK $FENC $SPY $QQQ $AMZN $NVDA $BA $TSLA $BABA $AMD $AAPL $NFLX $TWTR $AAL https://t.co/LfA4qRt3RR",Keanu5004,2022-12-23
88403,2022-12-01 22:36:40+00:00,1.5984460054309356e+18,"Join the most profitable trading group 
https://t.co/uZOoPjNWO8

$GOOG $AAPL $SPY $AMZN $TDOC $TSLA $COST $BA $NFLX $NVDA $TWTR $ZM $BABA $FB $DOW $MSFT $BBAR $STNG $GLUU $ZNGA $AAL $CACC $ESE $SPCE $FCEL $TRIP $BYND $MRNA https://t.co/5gzYDNWuYp",dowjone620,2022-12-01
32577,2023-01-12 20:08:33+00:00,1.613629021991932e+18,"$NVDA 

Filled the gap today at 165 🎯",colin_gladman,2023-01-12
39438,2023-01-06 23:03:49+00:00,1.611498801457664e+18,What stocks might make more money? Compare $NVDA vs. $XLK. #NVIDIA https://t.co/EUgRsc1olI https://t.co/jrX7LIWXNC,Tickeron,2023-01-06
85050,2022-12-03 17:11:35+00:00,1.5990889716275077e+18,"$TSLA Just so much green trading with us today,
➡️https://t.co/n1dj0dIWrk

$BTC $ETH $BNB $XRP $DOGE 
$LTC $HOOK $MATIC $LINK $CHZ 
$ACA $QLC $HOOK $MFT $JOE 
$OAX $MOB $COCOS $PHB $TWT 
$SPY $NVDA $TSLA $OP $AVXL $BA $QQQ https://t.co/aUj6uOqcS2",Miketys93226732,2022-12-03
82887,2022-12-06 03:04:47+00:00,1.5999630337152492e+18,"$NVDA Top analyst price target for next week..
https://t.co/C5m2FQOBHf",RobertS18436113,2022-12-06
94501,2022-11-26 19:09:24+00:00,1.596581907579687e+18,"$nvda I made $1,400 trading in the first hour of market open today⎇⚤⚤ https://t.co/pLHHorfWsz",fowlerlainey02,2022-11-26
66026,2022-12-19 01:34:20+00:00,1.6046513115295908e+18,"$QCOM
#WINNER
https://t.co/LzwYLosqbb
Another early long entry on this one from our levels. Price flew past our target. #satisfied 

$SPY $NDX $IWM $QQQ $BTC $ETH $AAPL $TSLA $AMC $ROKU $AFRM $MRNA $NURO $AMD $NVDA $NFLX $PLTR $UPST $SNAP https://t.co/1kP3ab5cGz",vaikunt305,2022-12-19
91694,2022-11-29 16:54:22+00:00,1.5976350910599905e+18,"$NVDA Top analyst price target for next week
https://t.co/Hz8VhKXbHc",WhortonKathleen,2022-11-29
11230,2023-01-28 20:14:22+00:00,1.6194286925933568e+18,"Yo, this $NVDA chart is about to friggin explode ($333.50 possible) or be one of the greatest fake inverse head and shoulders ever. https://t.co/59b5DYjB4R",stonkstradamus,2023-01-28
72394,2022-12-13 16:44:34+00:00,1.602706051404628e+18,So much for the 10% rip.  More like RIP.  $SPY looks weak.  $NVDA looks like an easy short from here. IMO. https://t.co/P1Dn9tR1Yn,marketfrankford,2022-12-13
12324,2023-01-27 19:28:05+00:00,1.6190546568097997e+18,"🚨 LARGE CALL SWEEP ORDER 🚨

STOCK: $NVDA
STRIKE: 220
EXPIRY: 3/17/2023
PREMIUM: $346,490",Trade_Variance,2023-01-27
65328,2022-12-19 16:32:40+00:00,1.604877387207934e+18,"Trending: S&amp;P 500

$NVDA -1.13 %
$GOOGL -0.50 %
$TSLA -1.54 %
$MSFT -1.89 %
$GS 0.01 %
$HD -1.27 %
$AAPL -1.85 %
$KMX -3.43 %
$AMD -1.74 %
$ENPH 0.29 %

https://t.co/WV3qS0l6fi",FrenzyCapital,2022-12-19
52396,2022-12-28 16:39:24+00:00,1.6081405692426445e+18,"$AAPL Trading Ideas | Awaiting Short signal. 100% Profitability based on 3 trades. The profit factor is 100.

 Learn more at https://t.co/11Rmty9GN8

$SPY $QQQ $AMZN $NVDA $BA $TSLA $BABA $AMD $Q $AAPL $NFLX $TWTR $AAPL $FB $USO $DAL $UBER $MDB https://t.co/NNiZkTql6T",Stockma01861822,2022-12-28
67354,2022-12-17 02:48:10+00:00,1.6039451192286085e+18,"1st is my top call out🎯
2nd is where we are now
Don't miss the next one
I left a large shared account that was paid and I did most the work, I'm on my own and providing my content free
Follow and don't miss out 🤝
$SPY
$SPX $QQQ $IWM $AAPL $UVXY $MSFT $NVDA $CAT $MCD $AMZN $TSLA https://t.co/vkmbefE0cg",EarthWaveJim,2022-12-17
53187,2022-12-28 07:30:00+00:00,1.6080023109025382e+18,@nonprophetcap I'm shorting $NVDA too 😁,InaTailHedged,2022-12-28
93459,2022-11-28 04:15:30+00:00,1.597081725334868e+18,"Live Day-Trading room, Free access this room and get live alerts. Check out now.. https://t.co/MmIMKJhlRN

$BABA $FB $BRK.B $BRK.A $TSM $V $WMT $JNJ $TSLA $PG $MA $NVDA $HD $JPM $UNH $VZ $ADBE $DIS $CRM $PYPL $NFLX $MRK $INTC $CMCSA $KO $BAC $T $PFE $NVS $NKE $SAP $TM $PEP $ABT https://t.co/Bo4kswrxC8",skitontop1,2022-11-28
2757,2023-02-03 15:15:15+00:00,1.621527744449241e+18,"$AAPL booooooom  
$SPY $QQQ $TSLA $NVDA $AAPL $GOOGL $AMZN $GOOG https://t.co/hKcQmYhKWN",stock_optionss,2023-02-03
74427,2022-12-12 09:15:01+00:00,1.6022305328084173e+18,$NVDA   Top analyst price target for next week.. https://t.co/0d7iQ4htQ2,Caitlyn03800624,2022-12-12
7160,2023-02-01 00:41:24+00:00,1.620583056179622e+18,"@eliant_capital $NVDA severely over priced with hardly any pull backs, that will fall hard when the time is right.",Ryancerfus,2023-02-01
88808,2022-12-01 19:10:11+00:00,1.598394046128554e+18,"🚨 LARGE PUT SWEEP ORDER 🚨

STOCK: $NVDA
STRIKE: 170
EXPIRY: 1/20/2023
PREMIUM: $262,200",Trade_Variance,2022-12-01
83106,2022-12-05 21:31:56+00:00,1.5998792676678287e+18,"Trading is not about making leaps and bounds in your journey. It’s about being just a little bit better than you were yesterday. 
#DayTrading $SPY $TSLA $NVDA",NotSoTrades,2022-12-05
69842,2022-12-15 13:15:52+00:00,1.603378307529347e+18,"Most profitable trading room,, It's turned $64,000 into $1.9M in the last 10 months with 98% SUCCESS rate: Check out and please join now.📈https://t.co/cpCvLdfy5K

$NIO $ITUB $EDU $AMC $MMAT $FCEL $UVXY $PALT $T $RIG $VXX $OXY $IWM $ENG $SEEL $NAK $XOM $TSLA $WISH $NVDA $BABA",Stockma95205181,2022-12-15
48421,2022-12-30 23:39:03+00:00,1.6089709535975547e+18,"ALERTS ☑️
DAILY UPDATE ☑️
WATCHLIST ☑️
JOIN OUR DISCORD 👇👇
https://t.co/CKzd0Y1lH6

$NIO $BA $TSLA $SPY $AMD $PT $EV $AAPL $ES $ROKU $AMC $TD $QCOM $MRK $UVXY $NVDA $CVS $V $TSM $MARA $F https://t.co/W6GPNUedaU",Smith28301,2022-12-30
84876,2022-12-04 06:06:59+00:00,1.5992841093100626e+18,$NVDA Top analyst price target for next week- https://t.co/3AZpkdrCFf,LatoyaV25506710,2022-12-04
22457,2023-01-21 06:42:33+00:00,1.6166876772728955e+18,"⭐⭐⭐ Alert Statistics

🔶 26 Wins - 4 Losses
🔶 86.67% Win Rate
🔶 Monthly Earnings:616.58%
https://t.co/MccodmavNi

$GME $PLTR $BABA $NIO $BLNK 
$SPY $TSLA $SHOP $NVDA $ROKU  $BYND $MRNA $PENN $GMBL $CRM $TSLA https://t.co/5ajrkRDtcg",KishanToo978,2023-01-21
11666,2023-01-28 06:56:33+00:00,1.6192279139955507e+18,"$nvda Top analyst price target for next week,~
🔗https://t.co/7M9ISiZK5b",StockAlarts,2023-01-28
23837,2023-01-20 11:43:55+00:00,1.6164011326449295e+18,"$UPST very huge positive news

Upstart Introduces Digital Finance and Online Sales Applications to Offer a Fully Digital Auto Retail Experience

@CNBCFastMoney @MadMoneyOnCNBC @jimcramer @GuyAdami @timseymour $TSLA $NVDA $META $NFLX",playsmart9,2023-01-20
48314,2022-12-31 01:08:50+00:00,1.6089935494582477e+18,"1000% almost half a mile here. You in our discord? We've been on fire!! 

https://t.co/CKzd0Y1lH6

$AAPL $AMZN $FB $NFLX $BABA $BIDU $BA $TWTR $PINS $TLRY $HEXO $ACB $FDX $DKNG $DDD $LRCX $NVDA $AMD https://t.co/Gz5icIOo5P",Smith28301,2022-12-31
52666,2022-12-28 14:57:14+00:00,1.6081148592622264e+18,$nvda Top analyst price target for the week⎇⚤⚤ https://t.co/MAJzNWHBwy,MariahP12389596,2022-12-28
1318,2023-02-04 21:38:24+00:00,1.6219865549304054e+18,$NVDA = Weekly Update = 04.02.2023 #NVDA #investing #trading #fintwit https://t.co/XUvpUyZyle,InvestingAngles,2023-02-04
99919,2022-11-21 15:23:38+00:00,1.594713151764693e+18,"Trending: Semiconductor

$TSM -2.59 %
$ADI -0.23 %
$AVGO -0.38 %
$ENPH -2.51 %
$NVDA -1.21 %
$INTC -1.71 %
$SOL -3.20 %
$SPI 1.00 %
$NXPI -0.98 %
$XPER -3.21 %

https://t.co/WV3qS03uQI",FrenzyCapital,2022-11-21
41343,2023-01-05 17:39:22+00:00,1.6110547656178647e+18,"Don't miss the next move in a few hours:
https://t.co/qJ62BxCail
$BAND $CREAM $JASMY $LEVER 
$BTC $ETH $DOGE $BNB $XRP $MATIC 
$MASK $SOL $LTC $IQ $LINK $COSM
$SPY $NVDA $TSLA $DOCK $MASK $DYDX 
$OP $BURGER $klay https://t.co/IdV4Nv7aUW",janis_klocko,2023-01-05
31280,2023-01-13 19:15:00+00:00,1.613977936415314e+18,"$SPX $SPY $AMZN $AAPL $AMD $FB $SHOP $BYND $NVDA $GOOGL $MSFT $TSLA $BA $CMG $INTC $NFLX $JPM $BAC $YM
Was able to close it for a 100%profit. https://t.co/MmIMKJhlRN https://t.co/YWutkSyAYr",skitontop1,2023-01-13
94066,2022-11-27 15:30:11+00:00,1.5968891262082744e+18,"Just In: $NVDA Nvidia Stock Q&amp;A With Wall Street Investors 
    https://t.co/iqBLncHLn2
     #MWN #Stocks @KubNoble001 @TradinbK  $KWEB $MULN $WB $BABA  via @marketwirenews",AxenT_God,2022-11-27
66638,2022-12-18 12:18:21+00:00,1.6044509962680689e+18,"1000% almost half a mile here. You in our discord? We've been on fire!! 
https://t.co/mLT9F8enhL

$AAPL $AMZN $FB $NFLX $BTC $BIDU $BABA $TWTR $PINS $TLRY $HEXO $ACB $FDX $DKNG $DDD $LRCX $NVDA $AMD https://t.co/36Cd6r5JPW",sharkdad81,2022-12-18
92431,2022-11-29 01:34:41+00:00,1.5974036436278354e+18,"“Most winning trading community, Get next winning alerts here:https://t.co/ZBTRgq18CE

$SPY $QQQ $AMZN $NVDA $BA $TSLA $BABA $AMD https://t.co/q0RrdYd3Ai",Smith28301,2022-11-29
46698,2023-01-01 23:18:02+00:00,1.6096904423201997e+18,"Live Day-Trading room, Free access this room and get live alerts. Check out now..https://t.co/nbm9ktQ1Gl

$BABA $FB $BRK.B $BRK.A $TSM $V $WMT $JNJ $TSLA $PG $MA $NVDA $HD $JPM $CRM $PYPL $NFLX $MRK $INTC $CMCSA $KO $BAC $T $PFE $NVS $NKE $SAP $TM $PEP $ABT https://t.co/y5xHt6E4BM",Ajith5930,2023-01-01
17526,2023-01-24 19:05:41+00:00,1.6179618584550113e+18,"Trending: Semiconductor

$AMD -3.03 %
$NVDA -0.53 %
$TXN -0.89 %
$INTC -1.31 %
$WISA 13.37 %
$ARRY 2.67 %
$RMBS 0.98 %
$LSCC -0.64 %
$FN -0.53 %
$ENPH -4.50 %

https://t.co/WV3qS0l6fi",FrenzyCapital,2023-01-24
92490,2022-11-29 00:07:12+00:00,1.597381628392706e+18,"🔎 $SMH (VanEck Semiconductor ETF) TOP 5 Holdings:

$TSM - 10.6%
$NVDA - 8.83%
$QCOM- 5.37%
$TXN -5.37%
$ASML -4.93%

#etfbreakdown @crowdbullish",crowdbullish,2022-11-29
90583,2022-11-30 16:35:00+00:00,1.5979926020070195e+18,"Everyone, Come join an amazing group of traders 
https://t.co/DmyHFfunR4

$LYFT $SLV $MESO $UBER $GLD $WORK $SPG $WKHS $STNG $GOLD $RCL $AAL $NET $AAPL $NKLA $MGM $MCRB $WYNN $LCA $CGC $OMER $MELI $BTC.X $OXY $HCAC $INO $KODK $NVDA https://t.co/xcG8Xstkfy",Vinesh00518,2022-11-30
1855,2023-02-04 05:15:05+00:00,1.6217390949748e+18,$NVDA | Trend Tracker for Nvidia $NVDA (NVDA) https://t.co/qOcBpYUsMV https://t.co/p0G0D12nvz,marketcycles,2023-02-04
55639,2022-12-27 05:05:00+00:00,1.60760343046955e+18,"1000% almost half a mile here. You in our discord? We've been on fire!! 

https://t.co/SWUwUzZcp2

$AAPL $AMZN $FB $NFLX $BABA $BIDU $BA $TWTR $PINS $TLRY $HEXO $ACB $FDX $DKNG $DDD $LRCX $NVDA $AMD https://t.co/vKJ6hNyAQF",philip30964,2022-12-27
25333,2023-01-19 07:29:11+00:00,1.6159746368352092e+18,"$NVDA  Top analyst price target for next week..&gt;
https://t.co/KMj7VtssYB",LindaCl57603893,2023-01-19
58626,2022-12-23 16:51:14+00:00,1.6063316084197827e+18,"Best place for day trading, swing trading, stocks and options.....https://t.co/dqoVdzJYqE

$SHLL $GRWG $GLLU $DDOG $NVAX $NVDA $NTES $RH $FUTU $TNK $LYFT $PENN $MU $RVLV $CSCO $AMC $TSLA $PTON $DVAX https://t.co/dLynrW0Gxq",nappedonthebed,2022-12-23
17627,2023-01-24 18:02:23+00:00,1.617945928438059e+18,"Most mentioned tickers in #WSB in last 1H

1. $SPY (60)
2. $MSFT (30)
3. $GOOG (11)
4. $TSLA (7)
5. $AAPL (7)
6. $NVDA (6)
7. $QQQ (4)
8. $GOOGL (4)
9. $AMC (4)
10. $MMS (4)

https://t.co/InT5oXXyaY https://t.co/0GQI4v66t8",stocksera_bot,2023-01-24
42657,2023-01-04 20:00:03+00:00,1.6107277808487383e+18,Trndg ↗  $NVDA $SHOP $SMMT $RIVN $KPRX scans @ https://t.co/kBXakeX1WZ #DayTrading #stocks #StocksToTrade  #trading #investing #StocksToWatch,US_proptrader,2023-01-04
76766,2022-12-09 21:04:01+00:00,1.6013217937381253e+18,"Todays Trades 🐼

$NFLX 325c hit +54% (2.80 to 4.30)

$NVDA 175c hit +16% (1.20 1.50) https://t.co/JhCHvsl0QD",PandaOptions,2022-12-09
17667,2023-01-24 17:46:13+00:00,1.6179418582980403e+18,"Trending: Nasdaq 100

$TSLA -0.11 %
$MSFT -0.39 %
$AMZN -0.31 %
$NFLX 1.05 %
$GOOGL -1.38 %
$AAPL 0.93 %
$AMD -3.28 %
$NVDA -0.20 %
$PYPL -0.08 %
$DLTR -1.21 %

https://t.co/WV3qS0l6fi",FrenzyCapital,2023-01-24
3981,2023-02-02 18:21:23+00:00,1.621212199581786e+18,$TSLA $TSM $SOXL $TECL $TQQQ $NVDA $AMD etc.. was at ease back in dec/jan and now just chill https://t.co/8w2VkPvtRb,TropicH2O,2023-02-02
71318,2022-12-14 13:04:35+00:00,1.603013080597893e+18,"Real-time trading alerts from our team of seasoned professionals, best trading room and global trading community. Check out today...https://t.co/ZBTRgq0AN6

$SPY $QQQ $AMZN $NVDA $BA $TSLA $BABA $AMD $AAPL $NFLX $TWTR $AAL $FB $USO $DAL $TWLO $UBER $UGAZ $DIS $ROKU $TVIX $CRON https://t.co/zCSOvGnSgC",Smith28301,2022-12-14
53933,2022-12-27 21:43:33+00:00,1.607854722958119e+18,$TSLA and $NVDA are in liquidation mode. Big names will follow. The waterfall is coming. Watch the treasuries for the tip off.,OptsMillionaire,2022-12-27
45906,2023-01-02 18:31:16+00:00,1.6099806608649462e+18,"“Invest in what you consume” - Sha Osman

https://t.co/0W6aMnuFTL

$LCID $AMZN $MSFT $HCMC $AAPL $SPY $TSLA $FB $GOOG $BABA $SQ $NFLX $NVDA $BTC $SHOP https://t.co/O653nctoKW",mahinto00987,2023-01-02
49778,2022-12-30 02:17:50+00:00,1.608648526875222e+18,"Was able to close it for a 100%profit.
 https://t.co/nbm9ktQzvT
Alert + update+ chatroom 📢📈💵

$SPY $TSLA $SHOP $AMZN $NVDA $ROKU $EBAY $AMD $BB $DAL $DOW $QQQ $ZNGA $AAPL $ESE $SPCE $FCEL $TRIP $BYND $MRNA $NOK $OXY $CCL $CRON $DGLY $HTZ $PENN $GMBL $CRM $BA $WKHS $INO $TWTR https://t.co/PvvftpSV5I",Ajith5930,2022-12-30
34067,2023-01-11 20:40:40+00:00,1.613274717741527e+18,"#NVIDIACorp $NVDA HourlyChart-SMAandFibonacciSupport-Resistance
Stock trading below 200SMA
20SMA at 158.26, 50SMA at 150.45, 200SMA at 159.16 https://t.co/3v9JVn7YHw",AbhipraGroup,2023-01-11
90665,2022-11-30 15:38:40+00:00,1.597978425289216e+18,"Most Profitable trading community 
Join our discord group 

https://t.co/xz8m734wXP

$SPY $TSLA $NIO $EYES $QQQ $UVXY $ES  $FB $BA $GME $NVDA https://t.co/hl8VlCIgrQ",Bravo53799894,2022-11-30
70006,2022-12-15 08:55:43+00:00,1.6033128373544796e+18,"$NVDA is a good short into it's ER in Feb. 

- may be some more distance in this rally though - the .382 fib from ATH at 194 looks like an absolute top, however it can definitely roll over from here into EOY.

- PT: below $100 before May 2023. Thats a 40%+ decrease. now $176 https://t.co/amm6q6DPSb",elevator_elk,2022-12-15
69059,2022-12-15 20:26:54+00:00,1.6034867817054454e+18,@LizYoungStrat $NVDA CEO fired a shot yesterday. $nq $es,unsettledSky,2022-12-15
68406,2022-12-16 07:09:21+00:00,1.6036484570799145e+18,"**Most profitable trading community. Get up to 574% profits

https://t.co/IldG0M06ae

$SPY $QQQ $AMZN $NVDA $BA $TSLA $BABA $AMD $AAPL $NFLX  $SPY https://t.co/nNncEw5qUJ",Guru80336741,2022-12-16
87229,2022-12-02 15:01:03+00:00,1.598693735671468e+18,$NVDA down bad 😩,OptionsDrr,2022-12-02
60704,2022-12-22 17:03:39+00:00,1.6059723446938542e+18,"$TSLA $NVDA ouch, winter solstice present innit https://t.co/CiwRlMMfP2",PlutusCrypto,2022-12-22
87373,2022-12-02 14:14:38+00:00,1.59868205554133e+18,"Helped me get my account green all time. Thanks https://t.co/tXysTEKt0s
❤️👏📈☝️
$SPY $ES $ADBE $AMZN $MSFT $AAL $ROKU $BABA $CRM $GOOGL $FB $INTU $MRVL $ATVI $TWTR $ORCL $LRCX $AMD $NVDA $TSLA  $DKNG $ADBE $TONJ https://t.co/zPXIo5hLsI",Keanu5004,2022-12-02
24710,2023-01-19 16:57:10+00:00,1.6161175733843886e+18,"🚨 LARGE PUT SWEEP ORDER 🚨

STOCK: $NVDA
STRIKE: 165
EXPIRY: 3/17/2023
PREMIUM: $304,950",Trade_Variance,2023-01-19
39164,2023-01-07 05:53:03+00:00,1.6116017906378342e+18,"$KODK $DOW $GNUS $IDEX $BOXL $BABA $TSLA $TAOP $JFK $CEMI $SPY $QQQ $SHOP $AMZN $NVDA $ROKU $EBAY $AMD $BB $DAL $DOCU 
Alerts before spikes and right as big news drops
Free discord chatroom:https://t.co/LzwYLosY0J https://t.co/O5ne22TLkt",vaikunt305,2023-01-07
35193,2023-01-11 00:38:19+00:00,1.6129721381424988e+18,"$ADM about to squeeze!!! Major naked short attack here💸
https://t.co/LzwYLosqbb

$AAPL $MSFT $NOK $SNAP $ATHN $ATOS $AKER $MAT $JD $MINI $ALKS $TAPR $GERN $CIFS $JBZY $BYOC $OPGN $AMZN $CBIS $IMLFF $MU $RXMD $VDRM $AMD $FNMA $AKS $FB $DRYS $AMZN $NVDA $MRNS $ROKU https://t.co/gQrSsOrkXQ",vaikunt305,2023-01-11
27268,2023-01-17 21:17:41+00:00,1.615458359037264e+18,"#NASDAQ100 up 0.14% today with 49 stocks up &amp; 51 down.Leaders: $TSLA $ZS $CRWD $NVDA $VRTX $TEAM $DDOG $FTNT $ILMN $LULU $MTCH $ALGN
Laggards: $BIDU $JD $ADP $ATVI $AMZN $CEG $HON $PDD $TXN Trading above the 10 &amp; 30 day moving averages.Still below the 200.
(Not a recommendation) https://t.co/xV5j4ZVIZr",BArmstrong_TDA,2023-01-17
60895,2022-12-22 16:15:13+00:00,1.6059601576025334e+18,I'd be interested in some $NVDA down near $150ish,Jon_Henninger,2022-12-22
14920,2023-01-26 14:39:43+00:00,1.6186196991846932e+18,Really wanted to be patient today off the open because of expected volatility but $NVDA looked really good for a scalp over $200 so I scalped it for a decent win. https://t.co/K3tatsnrEM,AbouhusseinMo,2023-01-26
10241,2023-01-30 04:07:11+00:00,1.6199100684971663e+18,"1000% almost half a mile here. Are you in our discord? We've been on fire!! 

https://t.co/CtKpUg4iNS

 $TSLA $AMZN $BTC.X $FB $NFLX $AMD $MSFT $AMC $NVDA $BABA $NIO $DOGE.X https://t.co/UPQiN1vrlM",Rahul04980546,2023-01-30
69192,2022-12-15 19:20:33+00:00,1.6034700820214047e+18,"$QCOM
#WINNER
https://t.co/dqoVdzKwgc
Another early long entry on this one from our levels. Price flew past our target. #satisfied 

$SPY $NDX $IWM $QQQ $BTC $ETH $AAPL $TSLA $AMC $ROKU $AFRM $MRNA $NURO $AMD $NVDA $NFLX $PLTR $UPST $SNAP https://t.co/LQiHUvmACZ",nappedonthebed,2022-12-15
54198,2022-12-27 20:11:58+00:00,1.6078316757733622e+18,"It Is What Is, Underweight Nvidia, Do Not Buy $AAPL $AMD $INTC $TSM $NVDA https://t.co/gn2qEtAg35",newsfilterio,2022-12-27
7196,2023-02-01 00:12:21+00:00,1.6205757462291743e+18,@TommyThornton $EA results causing lean on $NVDA,jaybolder61,2023-02-01
45399,2023-01-03 05:19:15+00:00,1.6101437306017055e+18,"$NVDA DRAM prices fell 40% this year, according to Digitimes",aboutheoptions,2023-01-03
55193,2022-12-27 13:19:31+00:00,1.6077278794202563e+18,$NVDA as far as it remains below $166.27 high it should be looking for more weakness towards $135.21- $127.88 area lower before finding support again #Elliottwave #Trading,ElliottForecast,2022-12-27
11983,2023-01-27 23:59:12+00:00,1.6191228859432387e+18,"Great day to trade. Have fun!! 
https://t.co/dqoVdzKwgc

$NIO $ITUB $EDU $AMC $MMAT $FCEL $UVXY $PALT $T $RIG $VXX $OXY $IWM $ENG $SEEL $NAK $XOM $TSLA $WISH $NVDA $BABA $MRO $ASLN https://t.co/1L8yH1eStu",nappedonthebed,2023-01-27
33118,2023-01-12 15:01:46+00:00,1.6135518203322737e+18,"⭐⭐⭐ Alert Statistics
https://t.co/LzwYLosqbb
🔶 26 Wins - 4 Losses
🔶 86.67% Win Rate
🔶 Monthly Earnings:616.58%

$GME $PLTR $BABA $NIO $BLNK 
$SPY $TSLA $SHOP $NVDA $ROKU $EBAY $AMD $BB $DAL $QQQ $ZNGA $AAPL $ESE $SPCE $FCEL $BYND $MRNA $PENN $GMBL $CRM $BA https://t.co/Sm3x0FXxe6",vaikunt305,2023-01-12
12623,2023-01-27 17:45:14+00:00,1.6190287759786476e+18,"Profit on $NVDA Long Call

https://t.co/qzhPBDTkGJ

#profit #options #optionstrading #optionstrade  #trading #stocks #bullish #citizentrader",citizen_trader,2023-01-27
76756,2022-12-09 21:07:57+00:00,1.6013227823645573e+18,"A story about $NVDA in 2 pictures

Just mindblowing 🤯

LIVE HERE: https://t.co/9amw2JbGdB

#NVDA #STOCKS #AMD #semiconductors https://t.co/KCTsS68wd9",WEVVAVE,2022-12-09
33703,2023-01-12 03:23:43+00:00,1.6133761488633897e+18,"**Most profitable trading community. Get up to 574% profits
https://t.co/LzwYLosqbb

$SPY $QQQ $AMZN $NVDA $BA $TSLA $BABA $AMD $AAPL $NFLX $TWTR $AAL $NIO $INO $OXY $CCL $FB $USO $DAL $TWLO $UGAZ $DIS $ROKU $TVIX $CRON $DJIA $SPX $TLRY $SQ $MSFT $GLD $SRNE https://t.co/jDj2lYvP33",vaikunt305,2023-01-12
58775,2022-12-23 15:15:17+00:00,1.6063074623693292e+18,"🚨 Let's have a live space! 

Assuming some interest?

- AM Trade recaps $AAPL &amp; $NVDA
- Momentum vs Main entries
- Optimizing notifications?
- Sizing on trades 

#stocks #optionstrading",ProfitsTaken,2022-12-23
23834,2023-01-20 11:49:48+00:00,1.6164026109357097e+18,"Die meistdiskutierten #Aktien auf #wallstreetbets. 

Neu auf der Liste der Top 🔟 sind Goldman Sachs $GS und AMC Entertainment $AMC. Weiter mit dabei sind $TSLA, $NFLX und $NVDA.

#Trading #Stocks

Weitere Informationen gibt es hier:
📈",FreestoxxDE,2023-01-20
86645,2022-12-02 19:14:35+00:00,1.5987575391805768e+18,"Trending: S&amp;P 500

$CAT -0.17 %
$BBY 0.39 %
$AAPL -1.23 %
$NVDA -2.57 %
$ULTA 0.16 %
$TSLA -1.30 %
$AMD -3.85 %
$ENPH 6.78 %
$MS -1.30 %
$CRM -2.48 %

https://t.co/WV3qS0l6fi",FrenzyCapital,2022-12-02
34674,2023-01-11 13:22:42+00:00,1.613164499531436e+18,$nvda if we can break through 160 here there is. alot of room to the upside.  MACD turning over. after thursday data you can play. if bullish shes got some room to run in her https://t.co/ogHcBWG4Xq,ryanpvg1,2023-01-11
92822,2022-11-28 18:43:20+00:00,1.597300123914371e+18,"$NVDA  ""$45,00 a day keeps the 9 to 5 away; For a limited time, we are opening our trading chat-room to the public&gt;~..
https://t.co/bSkjack2oQ",Felicia51342059,2022-11-28
26139,2023-01-18 16:26:02+00:00,1.6157473499173356e+18,"$nvda 
مبروك الدبل 
للقناة الخاصه
نتمنى ان تبيع نص الكميه والباقي انتظر ان شاءالله تعطى بغزاره https://t.co/h0cIxWrzlk",chartFBM,2023-01-18
92599,2022-11-28 21:33:40+00:00,1.597342988791079e+18,"Hi Followers.....

The real action takes place in PRIVATE feed, where all the alerts are found, and soon = our private DISCORD server

Members in there are loaded and ready w/ $TSLA $AMD $NVDA 

Other plays =nightly watchlist - last night $AFL = 257.14% win

info in pinned tweet",tenDAYswings,2022-11-28
65965,2022-12-19 03:01:16+00:00,1.6046731887214592e+18,"📈 Performance of some of the fellow traders of our Community .
https://t.co/dqoVdzJYqE
Calculated risk ,Great Analysis, Regular Alerts🚀

🎉

$SPY $TSLA $SHOP $AMZN $NVDA $ROKU $EBAY $BB $MRNA $NOK $OXY $CRON $DGLY $PENN $GMBL $CRM $BA $WKHS $NIO $TWTR https://t.co/8KFtUfOMob",nappedonthebed,2022-12-19
66849,2022-12-18 01:31:07+00:00,1.6042881153168507e+18,"Trending: Nasdaq 100

$GOOG -0.08 %
$TSLA -0.77 %
$MSFT 0.25 %
$GOOGL 0.03 %
$LULU -0.22 %
$NVDA -0.43 %
$ATVI 0.00 %
$AMZN -0.38 %
$AMD -0.17 %
$AAPL -0.05 %

https://t.co/WV3qS0l6fi",FrenzyCapital,2022-12-18
76231,2022-12-10 04:59:00+00:00,1.601441326519591e+18,"Motivation is what gets you started. Habit is what keeps you going.🤫🤣🤣🤣

$DOGE $AAVE $ETC $ADA $XTZ $MANA $ETH $BTC $BNB $COMP $STORJ $LUNC $SHIB $ALGO $SOL $RVN $NVDA $TSLA $GME $AMC $TWT",Cndnewsfeed,2022-12-10
95861,2022-11-24 23:20:57+00:00,1.5959204381813023e+18,"Real-time trading alerts from our team of seasoned professionals, best trading room and global trading community. Check out today...https://t.co/MmIMKIZcDF

$SPY $QQQ $AMZN $NVDA $BA $TSLA $BABA $AMD $AAPL $NFLX $TWTR $AAL $FB $USO $DAL $TWLO $UBER $UGAZ $DIS $ROKU $TVIX $CRON https://t.co/WpKSvX99Db",skitontop1,2022-11-24
5069,2023-02-02 02:05:20+00:00,1.620966567331922e+18,"Join the most profitable trading alerts chatroom

https://t.co/3QI1laZ0f8

$SPX $SPY $AMZN $AAPL $AMD $FB $SHOP $BYND $NVDA $GOOGL $MSFT $TSLA $BA $CMG $INTC $NFLX $JPM $BAC $YM $YM_F $NQ $NQ_F $ES $ES_F $GC $GLD $QQQ $WMT $SQ $TLT $BABA https://t.co/jVzUjPG0w7",bishnuvardhan,2023-02-02
75136,2022-12-11 17:03:05+00:00,1.601985936270979e+18,"To share trading point of view join here 
https://t.co/LzwYLosY0J

$BABA $TSLA $GME $NVDA $FUBO $ZM $AMZN $SHOP $PLUG $TTD $AAPL $AMD https://t.co/FgJC8Tpmyg",vaikunt305,2022-12-11
7071,2023-02-01 02:16:59+00:00,1.620607110399824e+18,"⭐⭐⭐ Alert Statistics
https://t.co/dqoVdzKwgc
🔶 26 Wins - 4 Losses
🔶 86.67% Win Rate
🔶 Monthly Earnings:616.58%

$GME $PLTR $BABA $NIO $BLNK 
$SPY $TSLA $SHOP $NVDA $ROKU $EBAY $AMD $BB $DAL $QQQ $ZNGA $AAPL $ESE $SPCE $FCEL $BYND $MRNA $PENN $GMBL $CRM $BA https://t.co/fOeg2msS2A",nappedonthebed,2023-02-01
66990,2022-12-17 17:34:53+00:00,1.604168264971686e+18,"$NVDA Weekly..
Back under TR and the 50SMA..
Bearish look going into the week, Watching for a move down to the 10SMA with this demand zone below!!
#StockMarket #OptionsTrading https://t.co/vplSHMt4cQ",OptionsAvenger1,2022-12-17
87333,2022-12-02 14:28:27+00:00,1.5986855304005755e+18,"$WISA OFFERING CLOSED!  BOOM!

$GILD $CTRM $NAKD $SNDL $AMC $NOK $EXPR $ENZC $TSLA $AAPL $ALPP $NVAX $DVAX $OGEN $ZOM $NOVN $CYDY $BRCX $BIOL $COUV $ATOS $BCLI $GVAX $NIO $INO $KOSS $CCIV $IDEX $WNDW $FSR $AABB $TLRY $NOVN $GNUS $PLTR $NVDA $AMZN $PENN $AAL",aaaamhim,2022-12-02
90701,2022-11-30 15:16:23+00:00,1.5979728185827246e+18,"Join the most profits trading alerts chatroom&gt;https://t.co/ZBTRgq18CE

$SPY $QQQ $NDX $DIA $IWM $NFLX $FB $INTC $SMH $AAPL $NVDA $TSLA $ES $YM $AMZN $BA $GS $JPM https://t.co/dTsz4HSkJH",Smith28301,2022-11-30
40812,2023-01-06 01:58:41+00:00,1.611180419940221e+18,"$NVDA Top analyst price target for next week📈📉.🚀
https://t.co/aLEngJiZNk",MintonRoderick,2023-01-06
#nvda    #wallstreetbets  #trading https://t.co/jFAk4liD7r,,,,,
74463,2022-12-12 08:05:42+00:00,1.602213086039257e+18,"$nvda Top analyst price target for next  week:~
https://t.co/xOLwo5R2AM",HarrisonWatki16,2022-12-12
6390,2023-02-01 14:41:26+00:00,1.6207944573094461e+18,"$NVDA Top analyst price target for next week..📈...📉..🚀
https://t.co/jzIlNsrDjF",Leona72938716,2023-02-01
24692,2023-01-19 17:06:15+00:00,1.6161198589319414e+18,"If you’re interested in day trading Stock and Option, You can check this chatroom&gt;https://t.co/dqoVdzJYqE

$MRNA $F $SPY $AAPL $V $WMT $TA $TSLA $BA $MU $NKLA $STC  $FORD $NBY $MICT $SRNE $D $REDU $PT $WMT $GRNQ $NVDA $AMZN https://t.co/5Q7ymKhSBW",nappedonthebed,2023-01-19
89119,2022-12-01 16:27:21+00:00,1.5983530667633705e+18,$NVDA https://t.co/Ope2jouDd5,rick_decard,2022-12-01
55912,2022-12-26 23:53:35+00:00,1.607525060738179e+18,Nice little gap up to get ya thinking about the week ahead $SPY $SPX $DJIA $AMZN $AAPL $NVDA $CAT https://t.co/wD1u6W5Tgu,greggglobal,2022-12-26
34288,2023-01-11 17:37:22+00:00,1.6132285878547948e+18,"Great day to trade. Have fun!! 
https://t.co/dqoVdzJYqE

$NIO $ITUB $EDU $AMC $MMAT $FCEL $UVXY $PALT $T $RIG $VXX $OXY $IWM $ENG $SEEL $NAK $XOM $TSLA $WISH $NVDA $BABA $MRO $ASLN https://t.co/ntlE2pf5wn",nappedonthebed,2023-01-11
581,2023-02-05 18:32:15+00:00,1.6223020973615063e+18,@801010athlete $nvda $tsla $byddy,bigliu,2023-02-05
52472,2022-12-28 16:12:23+00:00,1.6081337710306755e+18,"$NVDA
138
136.5

133
129

first target daily .786 at 125",Black_Sheep_Cap,2022-12-28
69463,2022-12-15 16:34:38+00:00,1.603428326735237e+18,"$nvda keep it on your radar for the week...!
https://t.co/sRPLLrYybS",ABHIJIT82428685,2022-12-15
45342,2023-01-03 06:21:44+00:00,1.6101594571532206e+18,"$NVDA Top analyst price target for next week..📈📉..🚀
https://t.co/GNrVJuPS88",BogerLilia,2023-01-03
23126,2023-01-20 19:04:29+00:00,1.616512003203371e+18,$NVDA is up over 5% today,NewsSquawker,2023-01-20
32589,2023-01-12 19:59:03+00:00,1.6136266310037996e+18,$NVDA #السوق_الأمريكي #الأسهم_الأمريكية دلعنا نفدا جاب الهدف الثالث 164 وزيادة 😍😍ودي احب خشم مضاربة بس مشكلته يهودي 🤣🤣🤣 https://t.co/POMxcZOoLj,ganas_najed,2023-01-12
35817,2023-01-10 15:54:58+00:00,1.6128404293381693e+18,"How does $NVDA not go bananas over the next 3 years with AI functional use cases ramping so quick and so steep? 

Supply chain ability to satiate demand their biggest risk?",GaucherAndrew,2023-01-10
7074,2023-02-01 02:10:59+00:00,1.620605602044199e+18,"$nvda Top analyst price target for next week..📈📉..🚀
https://t.co/WR2sfDY6Nf",CarrieP35390103,2023-02-01
41034,2023-01-05 21:30:00+00:00,1.6111128042363617e+18,"おはみみるん🌸

みみるラボデイリー🥰
""一目でわかる昨晩のNASDAQ100,SOXL""

NASDAQ100は反落🔥
ADP雇用統計や新規失業保険申請件数から雇用の強さが示され金利上昇
$CRWD 9%下落🔥

$SOXL 反落💦
前日の大幅上昇に対し広く売られる💦
中国の動向は下支えとなれるか
$NVDA 3.2%安

#米国株 #レバナス https://t.co/GelFoBLGN2",mimiru_usstock,2023-01-05
51575,2022-12-29 01:37:06+00:00,1.6082758852784988e+18,"**Most profitable trading community. Get up to 574% profits
https://t.co/NINXxMSIEd
$SPY $QQQ $AMZN $NVDA $BA $TSLA $BABA $AMD $AAPL $NFLX $TWTR $AAL $NIO $sol https://t.co/PpUQXwIoUo",MURALIE622,2022-12-29
26081,2023-01-18 17:00:05+00:00,1.6157559225921044e+18,"🚀 Today's Top 10 Active #Stocks 🚀
Wed, Jan 18, 2023 @ 12:00 PM EST
1. $TSLA (-1.29%)
2. $AMZN (+0.39%)
3. $AMC (-5.14%)
4. $GRAB (-6.93%)
5. $AAPL (+0.16%)
6. $DIDIY (-8.74%)
7. $IQ (-4.56%)
8. $CCL (-2.76%)
9. $NIO (-2.59%)
10. $NVDA (-1.36%)",thestonkmachine,2023-01-18
14322,2023-01-26 19:32:25+00:00,1.6186933601261527e+18,"#Amerika #Borsa 
Intel $INTC, bugün 4.Ç kazancını açıklayacak ilk büyük çip endüstrisi firması. Bu nedenle sektöre ilişkin bir fikir vermesi bekleniyor.

Beklenti HBK: $0,202  Gelir: $14,49M

$AMD 31 Ocak, $QCOM 2 Şubat, $NVDA ise 22 Şubat'ta kazançları açıklayacak. https://t.co/zr5iaVaiWk",BorsaAmerika,2023-01-26
74877,2022-12-11 21:53:58+00:00,1.6020591392238141e+18,"Thanks for the $1k
DISCORD 
https://t.co/DmyHFfdkP4
Best stock trade Group out there!

$AMZN $AMD $SPY $QQQ $ATH $CCL $NVDA $AAPL $MSFY $BA $IMO $YOLO $CHK $MGM $MU $NKLA $GDEN $SPX $TSLA $DAL $WFC $JETS $ROKU $NOK $OXY $CCL $CRON $RCL $DGLY $HTZ $PENN $GMBL $RGR $KTOV $GNUS https://t.co/954oNJiVZj",Vinesh00518,2022-12-11
28594,2023-01-17 03:20:42+00:00,1.6151873305157345e+18,"@QCompounding The good news... Six of these names are in my portfolio, $TSCO, $NVDA, $AAPL, $BLK, $GILD &amp; $TYL.
The bad news... The longest I've owned any of them is about 12 yrs, so missed majority of run-ups.
Here's hoping I own a few today that'll be on a similar list 20 yrs from now. 🤞",scottsinvesting,2023-01-17
11322,2023-01-28 17:55:10+00:00,1.6193936624164823e+18,"$NVDA  Top analyst price target for next week..📈📉..🚀
https://t.co/WYmX7Lwo2o",solis_danita,2023-01-28
42403,2023-01-05 00:07:16+00:00,1.6107899947250524e+18,"“Most winning trading community, Get next winning alerts here:https://t.co/dqoVdzJYqE

$SPY $QQQ $AMZN $NVDA $BA $TSLA $BABA $AMD $AAPL $NFLX $TWTR $AAL $NIO $INO $OXY $CCL $FB $USO $DAL $TWLO $UGAZ $DIS $ROKU $TVIX $CRON $DJIA $SPX $TLRY $SQ $MSFT $GLD $BYND $SRNE $SPCE https://t.co/A0VGexOt5N",nappedonthebed,2023-01-05
5225,2023-02-01 23:32:01+00:00,1.620927985934295e+18,"$muln I don’t want the moon i want mars 🚀 
$gns
$mark
$bfri
$vuzi
$cenn
$ccxi
$himx 
$nvda 
$cidm
$hyln
$dm 
$pfe
$mtnb
$sofi 4.5$ Jan,3 , now 7.4 almost double 💰
$bkkt
$irnt
$sklz
$bbig
$fcel
$hood",NasMacStock,2023-02-01
81279,2022-12-07 07:41:30+00:00,1.6003950579701842e+18,"$NVDA $45,00 a day keeps the 9 to 5 away; For a limited time, we are opening our trading chat-room to the public&gt;~🚀
https://t.co/ZgiGLsrWJ0",ErinSmi75294288,2022-12-07
34628,2023-01-11 13:57:28+00:00,1.6131732481534853e+18,$nvda  Top analyst target price for next week.📈📉🎯https://t.co/3LwEpJBNkF    .,VickiekScott1,2023-01-11
57995,2022-12-24 08:08:47+00:00,1.606562517635027e+18,"IS THE SANTA RALLY ONE WEEK LATE ? | December 24th, 2022 | $NVDA $GIS $SRTY $KBE $CSCO $DEN $LIT $QCOM $BRK.B $SIG $NUE $PLUG $TELL $DIS $THO $MP $KSS $GL $WMT $TGT $GILD $AIG $ORI $USB $CNC $SH $GLD $SLV $SON $NEM $HLT $NXPI $DEN $GPS $JPM $CMG $MSFT https://t.co/Kd5CR7E1gJ",mezzamaratona75,2022-12-24
145,2023-02-06 04:23:44+00:00,1.622450949515092e+18,@CheddarFlow $SPY $TSLA $NFLX $NVDA,terrywilliams05,2023-02-06
96184,2022-11-24 16:26:42+00:00,1.5958161852618793e+18,"$NVDA I made $1,400 trading in the first hour of market open today-+&gt;📈📉🚀  https://t.co/KVBNjm0j6J",Gabriel695825,2022-11-24
45950,2023-01-02 17:40:05+00:00,1.6099677831895613e+18,"After $NVDA 155 put paid 4000% profit, this week we have $Futu 57 put produced 8054% profit

last week NVDA 155 put paid 4000% profit and this week we have Futu 57 put which profit
#StockMarket #Stocks #daytrading #investing #learntotrade #successfultradings #spy #QQQ https://t.co/ENfx1C7wvH",GangstaTrades,2023-01-02
10278,2023-01-30 03:37:48+00:00,1.6199026733771776e+18,"$NVDA Top analyst price target for next week  ---&gt;🚀
https://t.co/fAHgcZ9ZOr",jack87331410,2023-01-30
65676,2022-12-19 12:26:28+00:00,1.6048154266129285e+18,"$NVDA Needham Maintains Buy on NVIDIA, Raises Price Target to $230
$MRNA Moderna u/g to Buy from Hold at Jefferies Jefferies analyst Michael Yee upgraded Moderna to Buy from Hold with a price target of $275, up from $170.",pharris667,2022-12-19
#nvda    #wallstreetbets  #investors https://t.co/uU8xU7mELv,,,,,
46528,2023-01-02 03:01:47+00:00,1.6097467499037655e+18,"$NVDA daily
- rejected the top of the pattern a couple weeks ago HARD.
- came down found bottom and trend. 
- feels like we have a date with $150, if we can get over that ill look to play it. https://t.co/5CLBmzaPGr",edgaralandough,2023-01-02
77363,2022-12-09 15:39:57+00:00,1.6012402418594365e+18,"$AAPL $TSLA $NVDA at the highs
Plus buy programs at the lows. watch mkt.",mintedtrading,2022-12-09
95795,2022-11-25 01:30:09+00:00,1.5959529493723873e+18,"Over the last week, the Top 10 mentioned symbols on WallStreetBets (courtesy of quiverquant) are:

1) $SPY
2) $TSLA
3) $GME
4) $DIS
5) $AAPL
6) $ZM
7) $NVDA
8) $COIN
9) $AMZN
10) $QQQ",Barchart,2022-11-25
33365,2023-01-12 13:09:48+00:00,1.6135236401544847e+18,"To share trading point of view join here 
https://t.co/dqoVdzKwgc

$BABA $TSLA $GME $NVDA $FUBO $ZM $AMZN $SHOP $PLUG $TTD $AAPL $AMD https://t.co/1F3s52hI79",nappedonthebed,2023-01-12
66598,2022-12-18 13:24:37+00:00,1.604467673152512e+18,"$nvda $4500 a day keeps the 9 to 5 away; For a limited time, we are opening our trading chat-room to the public. ..
https://t.co/0kGgDeeUlX",FloydSh05729151,2022-12-18
90301,2022-11-30 19:55:53+00:00,1.5980431571442934e+18,$NVDA hourly attempting to breakout from this wedge https://t.co/zl5gZwbQYR,Jhswings27,2022-11-30
2971,2023-02-03 13:36:47+00:00,1.6215029664558285e+18,"@RonMadison11 @DivesTech How is $NVDA growing. Earnings down 50% yoy, revenues down 20%",felix39990211,2023-02-03
17562,2023-01-24 18:43:34+00:00,1.6179562914645524e+18,"$NVDA ALL THESE LEVELS POSTED AHEAD OF TIME BEFORE THE MARKET OPENED~---&gt;🚀
https://t.co/JrHINRDhYi",MaryEst65871822,2023-01-24
69306,2022-12-15 18:16:03+00:00,1.6034538495532442e+18,$NVDA  Top analyst price target for next week &gt;~  https://t.co/1jaj1vS3ZP,JordonM92747470,2022-12-15
14685,2023-01-26 16:22:40+00:00,1.6186456066958336e+18,"$nvda  LEVELS POSTED FOR STOCKS BEFORE WEEK OPENS
https://t.co/v0F2MHKjC7",MariaOr34452192,2023-01-26
23563,2023-01-20 15:53:42+00:00,1.616463991014056e+18,"🍳Most winning trading community, Get the next winning alerts here🎯💸💰💎

https://t.co/CtKpUg4iNS

$SPX $SPY $AMZN $AAPL $AMD $FB $SHOP $BYND $NVDA $GOOGL $MSFT $TSLA $BA $CMG $INTC $NFLX $JPM $BAC $YM $YM_F $NQ $NQ_F $ES $ES_F $GC $GLD $QQQ https://t.co/EkNsSlCZwU",Rahul04980546,2023-01-20
11969,2023-01-28 00:09:44+00:00,1.6191255359170888e+18,"ALWAYS zoom out the chart to see what’s really going on. 
https://t.co/qJ62BxCail

$LCID $AMZN $MSFT $HCMC $AAPL $SPY $TSLA $FB $GOOG $BABA $SQ $NFLX $NVDA $BTC $SHOP $AMC $op https://t.co/vVwT2Nqdlq",janis_klocko,2023-01-28
96041,2022-11-24 18:44:46+00:00,1.5958509330947277e+18,"Join the most profitable trading group 
https://t.co/MmIMKJgO2f

$GOOG $AAPL $SPY $AMZN $TDOC $TSLA $COST $BA $NFLX $NVDA $TWTR $ZM $BABA $FB $DOW $MSFT  $BBAR $STNG $GLUU $ZNGA $AAL $CACC $ESE $SPCE $FCEL $TRIP $BYND $MRNA https://t.co/ApF0RcWeO2",skitontop1,2022-11-24
54406,2022-12-27 19:01:34+00:00,1.6078139590712033e+18,"Best discord group over 180k members and even have their own app join her

https://t.co/11Rmty9GN8

$SPY $TSLA $SHOP $AMZN $NVDA $ROKU $EBAY $AMD $BB $DAL $DOW $QQQ $ZNGA $AAPL $ESE $SPCE $FCEL $TRIP $SPX $NOK $OXY $GOOG $CRM $BA $WKHS $INO $TWTR https://t.co/plSB2V1Gdi",Stockma01861822,2022-12-27
60654,2022-12-22 17:17:34+00:00,1.6059758490268508e+18,$NVDA Top analyst price target for the聽week 鈿�     https://t.co/JqhJc6wi6Q,TroyAda06584292,2022-12-22
79053,2022-12-08 18:09:21+00:00,1.6009154486687007e+18,$NVDA   Everyone is Buying the Dip Right Now. Hoarding Shares... https://t.co/tjBoPXrQXM *,optionaleart,2022-12-08
58836,2022-12-23 14:50:24+00:00,1.6063011992541798e+18,"Best trading community, GET STOCKS &amp; OPTIONS ALERTS: 

https://t.co/9djIfBbRHY

$AAPL $SPY $NFLX $AMD $MSFT $AMC $NVDA $BABA $NIO $DOGE.X https://t.co/bjoGUTrGPB",stock26583922,2022-12-23
64420,2022-12-20 09:33:41+00:00,1.605134332544295e+18,@vnkumarvnk Must be $NVDA,Diesel54907485,2022-12-20
85668,2022-12-03 09:07:07+00:00,1.5989670529661952e+18,"STOCK TRADING ADVICE FROM OUR FREE TRADING DISCORD!
https://t.co/VM0N8POW4w

$BTC $ETH $BNB $XRP $DOGE 
$LTC $HOOK $MATIC $LINK $CHZ 
$ACA $QLC $HOOK $MFT $JOE 
$OAX $MOB $COCOS $PHB $TWT 
$SPY $NVDA $TSLA $OP $AVXL $BA $QQQk https://t.co/gebZZIQ6jJ",LeBronJ19571083,2022-12-03
33569,2023-01-12 06:56:29+00:00,1.6134296920272732e+18,$NVDA  *Top analyst price target for the week..📈📉🚀  🚀 https://t.co/SY0alHkfwu,jonny_mr,2023-01-12
26680,2023-01-18 10:18:35+00:00,1.6156548796825272e+18,"$nvda Top analyst price target for next week⎇⚤⚤
https://t.co/L0k9Z13Gjv",Brianna38610409,2023-01-18
18043,2023-01-24 14:38:22+00:00,1.617894585102893e+18,"rachels_44 just mentioned $NVDA at price $188.44 with 22 other furus.

Do you lose money while following furus? Automated hedging in our free app! https://t.co/Y3Mu6LNy2N https://t.co/v98A12HdX2",furualerts,2023-01-24
50937,2022-12-29 14:39:35+00:00,1.6084728046804132e+18,"$NVDA  Top Analyst Price Targets for next week 
 https://t.co/B3lNVj57HD",LisaYokley3,2022-12-29
6179,2023-02-01 15:55:57+00:00,1.6208132119049298e+18,@PutinsBitchBoy Why april puts and not later in the year? You think $NVDA is going to 100$ in April?,chief_profit,2023-02-01
87510,2022-12-02 13:13:55+00:00,1.59866677396804e+18,$NVDA Awaiting Short Signal based off 99 signals on the 15-min chart. Free trial at https://t.co/wGP8htLEs2 https://t.co/fUF7lx87XN,Trade2Uncle,2022-12-02
80987,2022-12-07 13:42:14+00:00,1.6004858382064271e+18,"$NVDA
Over:
Call Scalp: $158.28 | Target: $159.20
Call Scalp: $159.20 | Target: $160.10
Safe: $160.10
Under: 
Put Scalp: $155.99 | Target: $155.36
Put Scalp: $155.36 | Target: $154.63
Safe: $154.18",TheRealDrip2Rip,2022-12-07
87015,2022-12-02 16:53:17+00:00,1.5987219819348787e+18,"Most profitable crypto community sarver with Live alert quality update ,free LESSONS ,best analysis and free trial join here.
https://t.co/CuKj1Xs9Ol

$BAND $CREAM $JASMY $LEVER 
$BTC $ETH $DOGE $BNB $XRP $MATIC 
$MASK $SOL $LTC $IQ $LINK $COSM
$SPY $NVDA $TSLA $DOCK $MASK https://t.co/xFPN6mdMlC",MoonBirds15,2022-12-02
49090,2022-12-30 15:29:37+00:00,1.6088477863632036e+18,#Options Flow Stream Update $TSLA $NVDA $SHOP $JPM $IQ $SPY $SPX #OptionsTrading #OptionsFlow #optionstrade #optiontrading #stock #stocks #StockMarket #Investment #investing #invest #investor #investors #UOA https://t.co/B7BWRcELCf https://t.co/SVZDtL1pg5,TickwatcherMF,2022-12-30
35515,2023-01-10 18:54:55+00:00,1.6128857157124424e+18,"#Watchlist for Wednesday 1-11-23

(Have to get going early today. #SPY and #QQQ close will determine a lot for tomorrow) 

$TSLA 
$NVDA
$COST
$VKTX
$ICVX
$GOTU
$TAL
$ROST
$NVAX
$WWE
$SPGI

#stocks #stockswatchlist #stocktrading #trading #daytrading #swingtrading #stocksinfocus",TraderMN1,2023-01-10
97047,2022-11-23 18:57:06+00:00,1.5954916502642606e+18,"Follow us to get instant updates and free trading analysis https://t.co/ZBTRgq18CE

$SPY $NDX $IWM $QQQ $BTC $ETH $AAPL $TSLA $AMC $ROKU $AFRM $MRNA $NURO $AMD $NVDA https://t.co/up8ooBInzQ",Smith28301,2022-11-23
40511,2023-01-06 08:15:05+00:00,1.6112751440344842e+18,$NVDA | Nvidia $NVDA Investment Analysis and Advice (NVDA) https://t.co/mTZdm4Waqh https://t.co/4uUC3gReqs,marketcycles,2023-01-06
11766,2023-01-28 05:06:32+00:00,1.619200228758016e+18,"Get ahead of the trend here with us 

Congrats to all who played! 
https://t.co/K9Ss72fQe7

See you tomorrow📈

$AMZN $AAPL $BA $BABA $FB $TSLA $MSFT $ROKU $AMC $SPX $SPY $TDOC $GME $ZM $NVDA $BYND $SNAP $TGT $SLP https://t.co/ye5zuCXJrd",philip30964,2023-01-28
266,2023-02-06 01:52:10+00:00,1.6224128065900134e+18,"📚Weekly Watchlist (Wk 02/06)📚:
$SPY $TSLA $NVDA $AMZN 

Chart Links: 
$TSLA | https://t.co/sxiN4kqcpY
$NVDA | https://t.co/JbOBWhTeYV
$AMZN | https://t.co/GQgDCobsbh

Drop a ❤️ &amp; 🔁 if you trade any of these tickers! https://t.co/CnzkMev1ea",KennyTrades52,2023-02-06
54798,2022-12-27 16:00:11+00:00,1.6077683120495493e+18,"Unusual options contracts &amp; Vol/OI ratios 🚨

 $TSLA 12/30 117c    40.5
 $LUV 12/30 34p      18.7
 $NVDA 12/30 147c    16.9
 $LUV 12/30 33p      15.8
 $TSLA 12/30 118c    15.0
 $TSLA 01/06 60p     14.0
 $TSLA 12/30 115c    13.8
 $TSLA 12/30 119c    12.5
 $LUV 12/30 30p      12.1",finbrain_t,2022-12-27
77708,2022-12-09 11:04:13+00:00,1.601170850975449e+18,$NVDA   Everyone is Buying the Dip Right Now. Hoarding Shares. https://t.co/tjBoPXaNVM  *,optionaleart,2022-12-09
84213,2022-12-04 23:30:27+00:00,1.5995467049565307e+18,"**Most profitable trading community. Get up to 574% profits
https://t.co/ZBTRgpIZow

$SPY $QQQ $AMZN $NVDA $BA $TSLA $BABA $AMD https://t.co/t1JVkH2Bxa",Smith28301,2022-12-04
43698,2023-01-04 04:33:38+00:00,1.6104946393579848e+18,$NVDA  *Top analyst price target for the week..📈📉🚀  🚀 https://t.co/JK7LMq7KfA,MichaelStieven1,2023-01-04
63423,2022-12-20 22:18:38+00:00,1.605326840201093e+18,"Alerts given
Trading Chat on Discord!👇

https://t.co/tXysTF24p2

JOIN for FREE ✅

💸
$SPY $QQQ $AMZN $NVDA $BA $TSLA $BABA $AMD $AAPL $NFLX $TWTR $AAL $FB $USO $DAL $UBER $UGAZ $DIS $ROKU $CRON $DJIA $SPX $TLRY $SQ $MSFT $GLD $SRNE $SPCE $XOM $NIO $BYND $AMRN $UBER $BRKB $JWN https://t.co/yyJzALt5Ye",Keanu5004,2022-12-20
29081,2023-01-16 15:49:49+00:00,1.6150134621655572e+18,"top 15 companies by market cap
$AAPL $BRK.A $BRK.B $JNJ $V $UNH $NVDA $WMT https://t.co/X4sITo9i1D",_kilemawl_,2023-01-16
62075,2022-12-21 19:57:05+00:00,1.6056536051720192e+18,"$TSLA vs $NVDA

✔️Forward PE: 27.10 vs 38.46
✔️Forward Rev (growth): $115.65B (39%) vs $29.35B (9%)
✔️Market Cap: $435.14B vs $407.65B",The_AI_Investor,2022-12-21
52423,2022-12-28 16:33:26+00:00,1.608139067195261e+18,"Stock Traders are always trying to time the market. But an investor tends to be thinking bigger, more broadly, and more holistically.  https://t.co/1wJPCC9wqe

$AMZN $AAPL $BA $BABA $FB $TSLA $MSFT $ROKU $NKLA $SPX $SPY $TDOC $COST $ZM $NVDA $BYND $SNAP $TGT $PYPL $V $W https://t.co/DjQ5T3vPmX",XTRADERS9,2022-12-28
92418,2022-11-29 01:56:31+00:00,1.597409137046192e+18,"おはようございます🌞
$VOO 363.95 -1.58%
$TSLA 182.92 +0.03%
$MQ 6.39 -1.84%
$GOOGL 96.05 -1.45%
$NVDA 158.27 -2.72%
株は放置状態😇
毎日W杯で寝不足です。

スペイン🇪🇸強い。パエリア🥘美味い。
フランス🇫🇷強い。パン🥖硬い。
日本🇯🇵我慢強い。損切り下手。
知らんけどぉ〜。 https://t.co/IYHLIAjgCj",pinosukecchama,2022-11-29
84605,2022-12-04 14:41:47+00:00,1.599413661088772e+18,"https://t.co/ZBTRgq18CE
Join now
$TSLA $NVDA  $MU $AMZN $MSFT $BABA $NFLX $ADBE $AXP $IBM $CSCO $CVX $INTC $DD $DIS $MCD $MMM $PG $TRV $UNH $NKE $UTX $VZ $WBA $WYNN $XLNX $ACN $FB $NFLX $DLTR $EA $SPY https://t.co/7CXEG4JmJE",Smith28301,2022-12-04
83089,2022-12-05 21:47:38+00:00,1.5998832191673713e+18,"If you’re interested in day trading Stock and Option, You can check this chatroom&gt;https://t.co/nbm9ktyqhL

$MRNA $F $SPY $AAPL $V $WMT $TA $TSLA $BA $MU $NKLA $STC  $FORD $NBY $MICT $SRNE $D $REDU $PT $WMT $GRNQ $NVDA $AMZN https://t.co/OqvZ4i5Gm6",Ajith5930,2022-12-05
2410,2023-02-03 18:12:06+00:00,1.6215722508761457e+18,"Analyst price target for today..$ https://t.co/AHedSxp8R5 

$AAPL $AMZN $FB $NFLX $BABA $BIDU $BA $TWTR $PINS $TLRY $HEXO $ACB $FDX $DKNG $DDD $LRCX $NVDA $AMD",Chat3Free,2023-02-03
8605,2023-01-31 04:14:39+00:00,1.6202743364930888e+18,$NVDA Top analyst target price for next week** https://t.co/1TxzJpAx6g,Leighto74340020,2023-01-31
79672,2022-12-08 13:39:31+00:00,1.6008475436378685e+18,"If you want to know if a particular stock/ETF/commodity or #Crypto is trending up or down, reply to this tweet between 8:40am - 10am EST and I will post the Trend Chart.

$SPY $QQQ $DIA $GLD $SLV $BTC $ETH $AAPL $MSFT $AMZN $META $GOOGL $BRK.B $VOO $VTI $VYM $SCHD $DXY $AMD $NVDA",trendsdividends,2022-12-08
11438,2023-01-28 14:52:50+00:00,1.6193477761519165e+18,"$NVDA Top analyst price target for next week....📈📉...🚀..
https://t.co/YjSZheM5Xu",RobertS18436113,2023-01-28
17595,2023-01-24 18:18:24+00:00,1.6179499573021368e+18,"@Frank60600502 @sspencer_smb If $NVDA and $TSLA capitulation have already occurred, then the market has pretty much bottomed?",brent_ericson,2023-01-24
25006,2023-01-19 14:22:09+00:00,1.6160785628717056e+18,"Watchlist for today: 
Long: $EDU  
Short: $BAC, $XOM, $COIN, $PYPL, $META, $NVDA",simonsaystrade,2023-01-19
23114,2023-01-20 19:09:23+00:00,1.616513237939327e+18,$NVDA call sweep 27JAN $175.00 C -- $540K,tradetheprint,2023-01-20
59474,2022-12-23 07:13:21+00:00,1.606186181984764e+18,"Top Chatroom
https://t.co/uZOoPjNoYA

Join for both FREE &amp; PREMIUM SERVICE!

🗣️👥👤
$SPX $SPY $AMZN $AAPL $AMD $FB $SHOP $BYND $NVDA $GOOGL $MSFT $TSLA $BA $CMG $INTC $NFLX $JPM $BAC $YM $YM_F $NQ $NQ_F $ES $ES_F $GC $GLD $QQQ https://t.co/je8jcUqeJB",dowjone620,2022-12-23
48684,2022-12-30 20:26:52+00:00,1.6089225899505377e+18,"$NVDA Top analyst price target for stocks for the week  
 https://t.co/1onZAt6krT",AnnaAnn96960216,2022-12-30
2771,2023-02-03 15:09:51+00:00,1.6215263869839852e+18,"$nvda Top analyst price target for next week&gt;&gt;💸💸💰💰
https://t.co/RarPak3kqf",bangal1272709,2023-02-03
93357,2022-11-28 06:10:16+00:00,1.5971106098036285e+18,"$NVDA Top analyst price target for next week^~
🔗https://t.co/ZxtnCGco6c",rosetraders1,2022-11-28
87798,2022-12-02 10:34:06+00:00,1.5986265551183544e+18,"$VIVK Just so much green trading with us today,

https://t.co/gtjV0hyFnU

$SOL $BAND $CREAM $JASMY $LEVER 
$BTC $ETH $DOGE $BNB $XRP $MATIC 
$MASK $LTC $IQ $LINK $COSM
$SPY $NVDA $TSLA $DOCK $MASK $DYDX 
$OP $BURGER $TWT https://t.co/e1an7n4RON",KingsMa06664790,2022-12-02
27887,2023-01-17 15:58:07+00:00,1.6153779390210662e+18,@Mr_Derivatives $NVDA 6 green candles before today - puts will be wicked,OptionsRising,2023-01-17
66314,2022-12-18 20:16:35+00:00,1.6045713479418225e+18,"Tomorrow's watch list &amp; economic calendar✅
 https://t.co/2Lwk0tBYuV

$RBLX $NVDA $SPY $QQQ $MOMO $OXY $BABA $AMZN https://t.co/dUzc8QFEH8",kunal00,2022-12-18
76379,2022-12-10 01:53:32+00:00,1.6013946535883448e+18,"learn trading, get alerts, ideas, updates, analysis ❤️❤️🙏🙏👇👇learn trading, get alerts, ideas, updates, analysis ❤️❤️🙏🙏👇👇
https://t.co/kxatvTVULu

$AMD $NVDA $TSLA $NDX $SPY $AAPL $BABA $NFLX $ROKU $BA $COST $MCD $WMT $FB $VIX $ES $DKNG $ADBE $UAVS $CETX $DGLY https://t.co/WRynVFMref",philip30964,2022-12-10
74612,2022-12-12 04:36:27+00:00,1.602160426632069e+18,"Was able to close it for a 100%profit.
 https://t.co/tXysTF24p2
Alert + update+ chatroom 📢📈💵

$SPY $TSLA $SHOP $AMZN $NVDA $ROKU $EBAY $AMD $BB $DAL $DOW $QQQ $ZNGA $AAPL $ESE $SPCE $FCEL $TRIP $BYND $MRNA $NOK $OXY $CCL $CRON $DGLY $HTZ $PENN $GMBL $CRM $BA $WKHS $INO $TWTR https://t.co/NEa6iHKUvx",Keanu5004,2022-12-12
37416,2023-01-09 14:50:49+00:00,1.612461898531758e+18,$NVDA $TSLA pumping,DisruptorStocks,2023-01-09
71770,2022-12-14 00:15:12+00:00,1.602819457830658e+18,"Alerts given
Trading Chat on Discord!👇

https://t.co/tXysTEKt0s

JOIN for FREE ✅

💸
$SPY $QQQ $AMZN $NVDA $BA $TSLA $BABA $AMD $AAPL $NFLX $TWTR $AAL $FB $USO $DAL $UBER $UGAZ $DIS $ROKU $CRON $DJIA $SPX $TLRY $SQ $MSFT $GLD $SRNE $SPCE $XOM $NIO $BYND $AMRN $UBER $BRKB $JWN https://t.co/48kb6c7JaW",Keanu5004,2022-12-14
29954,2023-01-15 14:36:17+00:00,1.6146325691858944e+18,"$NVDA ALL THESE LEVELS POSTED AHEAD OF TIME BEFORE THE MARKET OPENED~---&gt;🚀
https://t.co/lTe7F2hsLr",Shirley88018720,2023-01-15
3615,2023-02-02 21:13:04+00:00,1.6212554057825772e+18,"$nvda   ""Top analyst price target for next week
https://t.co/vEtdCbELsB",LillianGeary5,2023-02-02
72810,2022-12-13 13:36:38+00:00,1.602658758706045e+18,Those $NVDA 180 calls are going to look great this morning.,BitDoctor1,2022-12-13
65801,2022-12-19 07:49:11+00:00,1.604745646468391e+18,$NVDA  Top analyst price target for next week📈📉🚀  https://t.co/SY0alHkfwu,jonny_mr,2022-12-19
66003,2022-12-19 02:10:35+00:00,1.6046604334110843e+18,"Check out our subscriber alerts in our discord

https://t.co/tXysTF24p2

$EDSA $KODK $DOW $GNUS $IDEX $BOXL $BABA $TSLA $TAOP $JFK $CEMI $SPY $SHOP $AMZN $NVDA $ROKU $EBAY $AMD $LAZR $AAPL https://t.co/jfpflg6VFb",Keanu5004,2022-12-19
7307,2023-01-31 22:03:00+00:00,1.6205431966978662e+18,#Options #maxpain chart for $NVDA. Free options app https://t.co/EQL2cC6zjv https://t.co/5jiZKPkuUa,OptionsMaxPain,2023-01-31
58861,2022-12-23 14:42:08+00:00,1.606299120888578e+18,$NVDA  Bounce play freeebie,DripDrop_scalp,2022-12-23
20100,2023-01-23 16:24:11+00:00,1.617558825888002e+18,"Today I made 300% profit on my $NVDA calls...thx to my mentor for all of your help and knowledge @OTBSharkMoh, if anyone is looking to learn options trading, hit Moh up.",Dreamshockcom,2023-01-23
18181,2023-01-24 13:19:23+00:00,1.6178747083049165e+18,"TrollEvents $NVDA come from US$ and #Gold based Trolling Nets. Assumptions: Stocks etc with Trend Changes more interesting then those without, Gold a good common denominator value; Pricing in same interesting, times Telling. https://t.co/c2kt9xggWA",TrollColors,2023-01-24
74388,2022-12-12 12:00:03+00:00,1.6022720634729513e+18,these are the most active stocks right now $AAPL  $AMZN  $AMD  $TME  $NVDA,get_blow,2022-12-12
14768,2023-01-26 15:33:31+00:00,1.6186332390648955e+18,$NVDA massive call volume coming in,strader55,2023-01-26
14718,2023-01-26 16:05:22+00:00,1.6186412542498038e+18,"💎Today's Recap💎

$MSFT Calls (-34%) ❌
$MSFT Puts (+27%) 📈
$MSFT Puts (+37%) 📈
$NVDA Calls (+25%)📈

Taking my base hits and dipping like I used to, yesterday I let green trades turn red because I got too focused on my pattern of taking profits early.

Base Hits = Consistency https://t.co/16neOo1yGY",DeepPocketsITM,2023-01-26
14923,2023-01-26 14:39:20+00:00,1.6186196036720108e+18,"$NVDA   Top analyst price target for the week+~
🔗https://t.co/4119Huasra",StockBull007,2023-01-26
57184,2022-12-25 18:00:18+00:00,1.6070737666303918e+18,"$AEMD $SPY $V $PLUG $HD $WMT $EOD $PENN $BABA $NVDA $V $AMD $PT $WMT $FSLY $PYPL $BA $BLDP $AMC $BP 

!!!Start trading with us!
https://t.co/tXysTF2CeA https://t.co/yrCulNDBMw",Keanu5004,2022-12-25
51346,2022-12-29 08:12:55+00:00,1.6083754963073516e+18,"$NVDA  Has a Forecast PEADrift price projection for the next 48 days of $140.36. Max price $205.45, Mean $160.37 and Min $101.86. You can check here https://t.co/Okai7Ea4p5 https://t.co/exgA4B6iPP",epsm_alert,2022-12-29
86789,2022-12-02 18:06:02+00:00,1.598740287027032e+18,"CryptoTraders Junior Analyst Jodez with a great long alert on AUDIO securing a 41.67% profit with 5x leverage
https://t.co/VM0N8POW4w

$BAND $CREAM $JASMY $LEVER 
$BTC $ETH $DOGE $BNB $XRP $MATIC 
$MASK $SOL $LTC $IQ $LINK $COSM
$SPY $NVDA https://t.co/lD1SufRgk9",LeBronJ19571083,2022-12-02
64170,2022-12-20 14:24:26+00:00,1.6052075005292216e+18,"$CEMI $SPY $TSLA $SHOP $AMZN $NVDA $ROKU $EBAY $AMD $BB $DAL $DOW $KODK $AAPL $ESE $SPCE $FCEL $TRIP $BYND
Most profitable trading COMMUNITY https://t.co/tXysTF24p2 https://t.co/6p0geaXJNj",Keanu5004,2022-12-20
90750,2022-11-30 14:41:41+00:00,1.5979640877321134e+18,$NVDA Top analyst price target for next week- https://t.co/Bx3XhRPTxm,SallyMa64482271,2022-11-30
59217,2022-12-23 13:03:10+00:00,1.6062742143816335e+18,"NEWS: $NVDA Nasdaq Bear Market: 1 Stunning Growth Stock to Buy Like There's No Tomorrow 
    https://t.co/dYHPooD1MW
     #MWN #Stocks @FrenzyCapital @PearlPo21341371   via @marketwirenews",KGR_Renovations,2022-12-23
70153,2022-12-15 05:09:52+00:00,1.6032560006471434e+18,"ALERTS ☑️
DAILY UPDATE ☑️
WATCHLIST ☑️
JOIN OUR DISCORD 👇👇
https://t.co/CKzd0Y0NRy

$NIO $BA $TSLA $SPY $AMD $PT $EV $AAPL $ES $ROKU $AMC $TD $QCOM $MRK $UVXY $NVDA $CVS $V $TSM $MARA $F https://t.co/48W2WQmrr9",Smith28301,2022-12-15
68412,2022-12-16 06:59:51+00:00,1.6036460688977756e+18,"$NET
#Winner 💸💰💸

$NET gave us a nice pullback, on today 

https://t.co/xcQHBLHwq3

$SPY $NDX $IWM $QQQ $BTC $ETH $AAPL $TSLA $AMC $SNAP $NVDA https://t.co/RrRHVG4c64",Ruseel3211,2022-12-16
84657,2022-12-04 13:47:39+00:00,1.5994000378845307e+18,"To share trading point of view join here 

https://t.co/xcQHBLHwq3

$BABA $TSLA $GME $NVDA $FUBO $ZM $AMZN $SHOP $PLUG  $XOM https://t.co/f1Jnktsl9y",Ruseel3211,2022-12-04
70061,2022-12-15 07:23:42+00:00,1.603289682426544e+18,$TSLA and $NVDA market cap are getting closer by each day even with the expected Q4 net income for TSLA to be 50% more than NVDA.,neoms20,2022-12-15
49154,2022-12-30 14:58:38+00:00,1.608839989542146e+18,"$NFLX $TAOP $JFK $CEMI $SPY $TSLA $SHOP $AMZN $NVDA $ROKU $EBAY $AMD $BB $DAL $DOW $KODK $AAPL 
Over 90K+ people. Join now
Discord group
https://t.co/dqoVdzKwgc https://t.co/dyIw0amOpW",nappedonthebed,2022-12-30
78790,2022-12-08 20:01:05+00:00,1.6009435675638866e+18,"⚡️Ticker: $NVDA
🐻Strike: $275 PUT
🔮Expiring on: 01/20/23
⏰Bought 12/08/22 14:54
🐳775 Contracts
💰Premium Value: $8.81M
🤑Price Paid: $110.09
🏪Spot Price: $169.85",OptionsFlowLive,2022-12-08
36436,2023-01-10 01:18:53+00:00,1.6126199581685678e+18,"#Watchlist for Tuesday 1-10-23

$SPGI
$PHVS
$AMGN
$LMT
$NVDA
$AMZN
$MSFT
$NFLX
$NUWE
$TSLA
$COST
$VZ
$TGT
$TAL

#stocks #stockswatchlist #stockwatchlist #stockstotrade #stockstowatch #stocksinfocus #stocktrading #swingtrading #daytrading #trading #tuesday #trade #stockmarket",TraderMN1,2023-01-10
18564,2023-01-24 05:59:17+00:00,1.6177639535722168e+18,"$nvda Top analyst price target for next week**~
🔗https://t.co/rBaEuQj7Qi",Harry58379426,2023-01-24
95798,2022-11-25 01:25:23+00:00,1.5959517500409324e+18,"Top Chatroom
https://t.co/tXysTF2CeA
Join for both FREE &amp; PREMIUM SERVICE!

🗣️👥👤
$SPX $SPY $AMZN $AAPL $AMD $FB $SHOP $BYND $NVDA $GOOGL $MSFT $TSLA $BA $CMG $INTC $NFLX $JPM $BAC $YM $YM_F $NQ $NQ_F $ES $ES_F $GC $GLD $QQQ $WMT $SQ $TLT $BABA $BIDU $ROKU $RTY $IWM $VIX https://t.co/Vo7OEXjv7s",Keanu5004,2022-11-25
83814,2022-12-05 12:57:45+00:00,1.599749870658945e+18,Resulta que ahora $AAPL y $NVDA podrían ser los primeros clientes de la planta de semiconductores de $TSM en Arizona 👀 ... el abuelito es un crack 💯 @HyenukChu @AndrehernndzSTA https://t.co/rp86XezgnQ,somoscdi,2022-12-05
87231,2022-12-02 15:00:46+00:00,1.5986936658658796e+18,"@mateo_canu EV- $TSLA $F $LCID $NIO
Oil/gas- $UCO $SCO $CPE $GUSH $XOM
Crypto- $MARA $RIOT $MSTR
Lithium- $LAC $SQM $ALB $LIT $LTHM 
Marijuana- $TLRY $CGC $IIPR $YOLO $MJ
Banks- $MA $V $AXP $JPM $WFC $BAC
Airline- $SAVE $LUV $UAL $AAL
Retail- $COST $TGT $WMT
Tech- $SQ $AAPL $AMD $TSEM $NVDA",PT2F_Playbook,2022-12-02
65254,2022-12-19 17:23:43+00:00,1.6048902308796826e+18,"$nvda Top analyst price target for next week.!
https://t.co/FPMWLi2fdu",LisaForest5,2022-12-19
70648,2022-12-14 20:22:10+00:00,1.6031232013698499e+18,"Top Chatroom
https://t.co/k4VUHuW6Ir
Join for both FREE &amp; PREMIUM SERVICE!

🗣️👥👤
$SPX $SPY $AMZN $AAPL $AMD $FB $SHOP $BYND $NVDA $GOOGL $MSFT $TSLA $BA $CMG $INTC $NFLX $JPM $BAC $YM $YM_F $NQ $NQ_F $ES $ES_F $GC $GLD $QQQ $WMT $SQ $TLT $BABA $BIDU $ROKU $RTY $IWM $VIX https://t.co/B3Fcnn7kjH",Jhonwic65,2022-12-14
$CCL 7.95 -0.13 -1.610%  ,,,,,
76881,2022-12-09 20:01:02+00:00,1.6013059423348367e+18,"Most mentioned tickers on WallStreetBets (Last Hour):

1. $PPI
2. $TSLA
3. $NVDA
4. $CVNA
5. $M",Stock_Quant,2022-12-09
27017,2023-01-18 01:12:25+00:00,1.6155174317490545e+18,"Check out our discord group 
for trading Chatroom/community 
https://t.co/MmIMKJhlRN
☝️
📊📈
$EDSA
$KODK
$DOW
$GNUS
$IDEX
$BSBS
$TSLA
$TAOP
$JFK
$CEMI
$SPY
$SHOP
$SMZN
$NVDA
$ROKU
$EBAY
$AMD
$AAPL https://t.co/83YGqsKHmE",skitontop1,2023-01-18
42429,2023-01-04 23:22:43+00:00,1.6107787821509345e+18,📈 El sector de tecnología (+0.26%) logró avanzar debido al repunte de las acciones de @Apple ( $AAPL: +1.03%) y @nvidia ( $NVDA: +3.03%). #InversionesPm,Actinver,2023-01-04
44359,2023-01-03 19:03:38+00:00,1.6103511953856348e+18,"Trending: S&amp;P 500

$TSLA -13.66 %
$AAPL -4.06 %
$PYPL 4.33 %
$XOM -3.63 %
$NOW -0.88 %
$DG 0.62 %
$NVDA -2.57 %
$BMY 0.25 %
$AMZN 1.35 %
$F 0.17 %

https://t.co/WV3qS0l6fi",FrenzyCapital,2023-01-03
8704,2023-01-31 02:43:47+00:00,1.6202514703220982e+18,Goodnight Twitter! Remember to stay calm and focused in the market. Having a solid trading psychology can lead to better decision-making and long-term success. Sweet dreams! #trading #psychology #goodnight.  $SPY $SPX $TSLA $AMZN $AAPL $META $NVDA $CVS $PFE $BAC $DAL,BurakTheScalper,2023-01-31
36580,2023-01-09 22:02:29+00:00,1.612570529881559e+18,"Live Day-Trading room, Free access this room and get live alerts. Check out now..https://t.co/nbm9ktQzvT

$BABA $FB $BRK.B $BRK.A $TSM $V $WMT $JNJ $TSLA $PG $MA $NVDA $HD $JPM $CRM $PYPL $NFLX $MRK $INTC $CMCSA $KO $BAC $T $PFE $NVS $NKE $SAP $TM $PEP $ABT https://t.co/KBDSxOCZml",Ajith5930,2023-01-09
93687,2022-11-27 23:24:41+00:00,1.597008537703813e+18,"Was able to close it for a 100%profit.
 https://t.co/nbm9ktQzvT
Alert + update+ chatroom 📢📈💵

$SPY $TSLA $SHOP $AMZN $NVDA $ROKU $EBAY $AMD $BB $DAL $DOW $QQQ $ZNGA $AAPL $ESE $SPCE $FCEL $TRIP $BYND $MRNA $NOK $OXY $CCL $CRON $DGLY $HTZ $PENN $GMBL $CRM $BA $WKHS $INO $TWTR https://t.co/wQj9q1DX2k",Ajith5930,2022-11-27
83815,2022-12-05 12:56:35+00:00,1.599749576604668e+18,"$NVDA  ""Top analyst price target for next week ---&gt;🚀..
https://t.co/rIgUWNA15q",EllaDavila6,2022-12-05
47057,2023-01-01 16:06:47+00:00,1.6095819124266762e+18,"1000% almost half a mile here. You in our discord? We've been on fire!! 

https://t.co/CKzd0Y0NRy

$AAPL $AMZN $FB $NFLX $BABA $BIDU $BA $TWTR $PINS $TLRY $HEXO $ACB $FDX $DKNG $DDD $LRCX $NVDA $AMD https://t.co/vde0y3Ws41",Smith28301,2023-01-01
85729,2022-12-03 08:06:17+00:00,1.5989517455388262e+18,"Check out our discord group 
for trading Chatroom/community 
https://t.co/MmIMKIZcDF

☝️
📊📈
$EDSA
$KODK
$DOW
$GNUS
$IDEX
$BSBS
$TSLA
$TAOP
$JFK
$CEMI
$SPY
$SHOP
$SMZN
$NVDA
$ROKU
$EBAY
$AMD
$AAPL https://t.co/D0TqjZZ17z",skitontop1,2022-12-03
81507,2022-12-07 02:00:42+00:00,1.6003092946451907e+18,"Was able to close it for a 100%profit.
 https://t.co/nbm9ktyqhL
Alert + update+ chatroom 📢📈💵

$SPY $TSLA $SHOP $AMZN $NVDA $ROKU $EBAY $AMD $BB $DAL $DOW $QQQ $ZNGA $AAPL $ESE $SPCE $FCEL $TRIP $BYND $MRNA $NOK $OXY $CCL $CRON $DGLY $HTZ $PENN $GMBL $CRM $BA $WKHS $INO $TWTR https://t.co/LOWk3EMhDL",Ajith5930,2022-12-07
23814,2023-01-20 12:25:13+00:00,1.6164115251949404e+18,"Real-time trading alerts from our team of seasoned professionals, best trading room and global trading community. Check out today...https://t.co/MmIMKJgO2f

$SPY $QQQ $AMZN $NVDA $BA $TSLA $BABA $AMD $AAPL $NFLX $TWTR $AAL $FB $USO $DAL $TWLO $UBER $UGAZ $DIS $ROKU $TVIX $CRON https://t.co/XRSW8fTXOa",skitontop1,2023-01-20
10691,2023-01-29 16:52:22+00:00,1.6197402446933606e+18,$NVDA has recently made an inverse H&amp;S in weekly TF. If this holds 100% price target is 270(+32%). There’s a gap to fill at 230(+14%). It has recently made an abcd pattern so this breakout can be a fake one. https://t.co/lnKmWp1xbd,HND10280504,2023-01-29
32544,2023-01-12 20:30:30+00:00,1.6136345461170053e+18,Haaa! Alphabet $GOOG and Nvidia $NVDA expressed concerns with FTC about Microsoft $MSFT acquisition of Activision $ATVI.. messy!,RootedonMain,2023-01-12
50134,2022-12-29 21:09:18+00:00,1.6085708807242056e+18,The 14 Best Memes About the Week Between Christmas and New Year’s Day https://t.co/8hwf2HqwnR $DXY $JD $NIO $BABA $BTC.X $ETH.X $DOGE.X $BBIG $BNB.X $AAPL $TSLA $MULN $CEI $SPY $DJIA $QQQ $CRSP $MU $PFE $MRNA $AZN $ABNB $BIIB $NVDA $BA $COP $PDD $COST $GM $META $AMZN $NFLX $YUM,LlcBillionaire,2022-12-29
53155,2022-12-28 08:35:15+00:00,1.608018731346854e+18,"$NVDA Top analyst price target for next  week:~ 
https://t.co/Z8oWOy4sOe",LucasCartwrig14,2022-12-28
19854,2023-01-23 17:44:50+00:00,1.6175791237482742e+18,"Great day to trade. Have fun!! 
https://t.co/MccodmavNi

$NIO $ITUB $EDU $AMC $MMAT $FCEL $UVXY $PALT $T $RIG $VXX $OXY $IWM $ENG $SEEL $NAK $XOM $TSLA $WISH $NVDA $BABA $MRO $MDB https://t.co/vmUUPWrcIz",KishanToo978,2023-01-23
58227,2022-12-23 21:30:42+00:00,1.6064019385052406e+18,"$AMD $INTC $NVDA - The bright side of the chip glut: Nvidia, AMD and Intel gaming cards are cheap and very available for Christmas https://t.co/RgzRhTtJ92",beeken_tech,2022-12-23
26747,2023-01-18 07:41:51+00:00,1.6156154359695483e+18,"$NVDA Top analyst price target for next week..📈...📉..🚀
https://t.co/PesvETA0tS",LeeGallo4,2023-01-18
56614,2022-12-26 13:30:11+00:00,1.6073681771718124e+18,Don't miss our next FREE OPTION TRADE. Sign up for our Daily Free Trades at https://t.co/78FVQDKYyw $NVDA $TSLA $GS $GILD $BABA $GOOGL $FB,ExactOptionPick,2022-12-26
98196,2022-11-22 20:36:51+00:00,1.5951543631857787e+18,$NVDA Awaiting Short Signal based off 5 signals on the 15-min chart. Free trial at https://t.co/OB4KuLJRo8 https://t.co/iOhSUd0UNG,TortozaPalma,2022-11-22
66437,2022-12-18 17:56:52+00:00,1.6045361861310915e+18,"The POWER of DCA (Dollar Cost 
➡ https://t.co/lk9DuPT9uY ) !!

$LCID $AMZN $MSFT $HCMC $AAPL $SPY $TSLA $FB $GOOG $BABA $SQ $NFLX $NVDA $BTC $SHOP $AMC $doge https://t.co/5O1PG9WlEW",crypto6041,2022-12-18
71509,2022-12-14 06:49:27+00:00,1.602918675430142e+18,"Best discord group over 80k members and even have their own app join here 

https://t.co/dqoVdzKwgc

$TSLA $NVDA $BABA $ZM $TLRY $ABNB $PYPL $EDIT $AMZN $GME $BIDU $FUBO $NFLX $BA $SPY $QQQ $UVXY $AAPL $AVGO $SNDL $FB $FSLY $OSTK $NNOX $PLTR $PTON https://t.co/Mo3XPoTpfP",nappedonthebed,2022-12-14
74518,2022-12-12 06:42:47+00:00,1.6021922211298714e+18,"$TSLA $TAOP $JFK $CEMI $SPY $BOXL $SHOP $AMZN $NVDA $ROKU $EBAY $AMD $BB $DAL $DOW $KODK $AAPL 
Over 5K+ people. Join now
Discord GROUP https://t.co/uZOoPjNoYA https://t.co/C8hFB8R1ml",dowjone620,2022-12-12
71649,2022-12-14 03:25:27+00:00,1.6028673366455992e+18,"Was able to close it for a 100%profit.
https://t.co/k4VUHuW6Ir
Alert + update+ chatroom 📢📈💵

$SPY $TSLA $SHOP $AMZN $NVDA $ROKU $EBAY $AMD $BB $DAL $DOW $QQQ $ZNGA $AAPL $ESE $SPCE $FCEL $TRIP $BYND $MRNA $NOK $OXY $CCL $CRON $DGLY $HTZ $PENN $GMBL $CRM $BA $WKHS $INO $TWTR https://t.co/VuTsaeoMTq",Jhonwic65,2022-12-14
65119,2022-12-19 19:08:55+00:00,1.6049167055406694e+18,Some of today most active stock options $TSLA $GRAB $AAPL $AAL $KO $AMZN $NVDA https://t.co/OuYwLlQpHp,UPBOptionMil,2022-12-19
94637,2022-11-26 16:10:11+00:00,1.596536805062738e+18,"Just In: $NVDA 2 Quantum Computing Stocks To Watch Right Now 
    https://t.co/vLoqt4Q2g8
     #MWN #Stocks @BeekenIndustri @beeken_tech  $SCHYY $MULN $CVNA $SE  via @marketwirenews",hexsecurity,2022-11-26
61639,2022-12-22 02:45:04+00:00,1.6057562750060052e+18,"$NVDA  $4500 a day keeps the 9 to 5 away; For a limited time, we are opening our trading chat-room to the public..
https://t.co/CjVZ0VwWgA",CarrieP35390103,2022-12-22
17897,2023-01-24 15:33:06+00:00,1.6179083560266179e+18,When $PLTR fell 17% I didn’t notice the chat for a good 5min on my live stream so I was discussing $NVDA snd their forward PE while the sky was literally falling https://t.co/znUzwJ3cZO,amitisinvesting,2023-01-24
93047,2022-11-28 14:31:35+00:00,1.5972367670649856e+18,"Monday’s Focus List 

$GOOGL $BA $EBAY $NVDA https://t.co/aGm4jWoFa9",dtoptions,2022-11-28
82882,2022-12-06 03:08:58+00:00,1.5999640849252352e+18,"Most Traded Contracts:

$AAPL 09/12---CALL---$150.00
$AAPL 09/12---CALL--- $152.50 

$TSLA 09/12---PUT---$180.00
$TSLA 09/12---PUT---$185.00
$TSLA 09/12---CALL---$190.00

$CDE---03/23---CALL---$4 
$LAZR 09/12---CALL--- $8.50
$NVDA 09/12---CALL---$170.00 
$BBBY 09/12---Call---$4",panayotov1,2022-12-06
61183,2022-12-22 14:58:07+00:00,1.6059407527181025e+18,"$NVDA chart past couple months 
 credit chart : FINVIZ https://t.co/PDVLWizwSl",tech_watchlist,2022-12-22
34029,2023-01-11 21:11:08+00:00,1.6132823838720983e+18,"🎁Daily watchlist recap for January 11, 2023 !!!🎁
Profit potential per 100 shares is $2,339
$GOOD $LIPO $HKD $AXNX $ORMP $NVDA $TSLA
✔Follow and turn on notifications for more amazing trade ideas!!
#UnitedTraders #Teamwork #Finance https://t.co/3O61fpQJfY",_unitedtraders,2023-01-11
52096,2022-12-28 19:05:20+00:00,1.608177293951914e+18,"Stock Traders are always trying to time the market. But an investor tends to be thinking bigger, more broadly, and more holistically  https://t.co/xf8ocIDayR

$AMZN $AAPL $BA $BABA $FB $TSLA $MSFT $ROKU $NKLA $SPX $SPY $TDOC $COST $ZM $NVDA $BYND $PYPL $V $W https://t.co/wpseV1Ba9l",arpita37898816,2022-12-28
32387,2023-01-12 22:02:01+00:00,1.6136575780467261e+18,"✅ $NVDA: ""NVIDIA"" mentioned during Singular Genomics Systems, Inc. ""Singular Genomics Systems Inc at JPMorgan Healthcare Conference"" event https://t.co/EYuLfBqBDj",AieraAlerts,2023-01-12
56949,2022-12-25 23:17:31+00:00,1.6071535966672404e+18,"Hi everyone, Make big profits with us 
https://t.co/tXysTF24p2

$MCRB $WYNN $LCA $CGC $OMER $MELI $BTC.X $OXY $HCAC $INO $KODK  $SLV $OMER $PENN $SOHU $OSTK $FENC $SPY $QQQ $AMZN $NVDA $BA $TSLA $BABA $AMD $AAPL $NFLX $TWTR $AAL",Keanu5004,2022-12-25
4029,2023-02-02 18:03:55+00:00,1.621207802579665e+18,"$NVDA Top analyst price target for next week
https://t.co/lhVgPnAEZJ",EMILY09341154,2023-02-02
28797,2023-01-16 21:59:33+00:00,1.6151065090375066e+18,"$NVDA Weekly Inverse Head &amp; Shoulders 👤

Absolutely beautiful setup, This chart speaks for itself clearly no need for a write up 🤯 https://t.co/e3Ys4SKG6z",nazeaster,2023-01-16
52803,2022-12-28 13:52:12+00:00,1.6080984945644298e+18,"$nvda Top analyst price target for next week.....
https://t.co/szTmMOF24X",EMILY09341154,2022-12-28
13641,2023-01-27 03:22:40+00:00,1.6188117011048694e+18,@BornInvestor $NVDA has fantastic positioning in the AI space. They will be a rocket ship,devianthamster,2023-01-27
69680,2022-12-15 14:48:21+00:00,1.603401582208602e+18,Legit said before FOMC $SPX $SPY $NVDA $TSLA $AMD  conviction and Game Plan! https://t.co/uLX4DGOrOb,AthleticBeing,2022-12-15
49155,2022-12-30 14:57:06+00:00,1.608839600386224e+18,"""Survey"" evaluation: What is the first impression of nVidia's GeForce RTX 4080
https://t.co/RwjDbgQiYY
More news about $NVDA on #TickerTick https://t.co/LyVLXSaEGw",TickerTick_com,2022-12-30
69362,2022-12-15 17:45:31+00:00,1.6034461679033876e+18,"Most active Trading Group 💯 
https://t.co/nbm9ktQ1Gl
Alerts,Analysis
Stocks ☑️
Options ✅
Day trading ✅
Swing Trading ☑️

🔥
$SPY $TSLA $SHOP $AMZN $NVDA $ROKU $EBAY $AMD $BB $DAL $DOW $QQQ $ZNGA $AAPL $ESE $SPCE $FCEL $TRIP $SPX $NOK $OXY $GOOG $CRM $BA $WKHS $INO $TWTR https://t.co/E5gQhtqahR",Ajith5930,2022-12-15
37470,2023-01-09 14:36:16+00:00,1.6124582366107402e+18,$NVDA rejection off of resistance for the time being https://t.co/bRP0t6Qs2V,MicahTradez,2023-01-09
54312,2022-12-27 19:35:38+00:00,1.6078225336208998e+18,Nailed it $NVDA ⚡️,VisionaryTradi2,2022-12-27
59719,2022-12-23 02:12:28+00:00,1.6061104602472776e+18,PUTS will pay….   $SPX $SPY $AMZN $NVDA,bobbytrades1987,2022-12-23
38807,2023-01-07 19:25:55+00:00,1.6118063548087337e+18,"An app like Netflix for Investors rated #1 among professionals, including vod and livestreaming entirely free for our clients #app #investing #LiveStreaming  $TSLA $AMZN $META $NVDA $RBLX https://t.co/5jIReGA5S6 https://t.co/CA4ILA7ElB",IntuitiveAICODE,2023-01-07
10638,2023-01-29 18:12:23+00:00,1.6197603817817498e+18,"$NVDA

Great relative strength, especially with big move from $TSLA. Bullish weekly candle on higher volume. 

Daily is strong on high volume.

Interested in dip adds at 193 demand, or watching for a strong break over 206/207 supply for 220.

Note: $AMD earnings Tues. https://t.co/YqFQ4Vgt9v",DeepPocketsITM,2023-01-29
27180,2023-01-17 22:19:43+00:00,1.6154739695195382e+18,"$GS のせいでダウが(　ﾟдﾟ)ｵ…ﾏｲｶﾞｰ…
でも $NVDA のおかげで助かったε-(´∀｀*)一生一緒にNVIDIA🤣",shuntvYRT,2023-01-17
6688,2023-02-01 11:14:09+00:00,1.6207422949819884e+18,"I’d be a nasty ass futures trader bro 🔥🔥
Make 500 within an hour IF that do that throughout the day and chill out after… smh bro that’s crazy

I think I’m going to switch over in June, should have well over 100k at this rate

$SPY $QQQ $NFLX $NVDA $TSLA $META $AAPL $MSFT $BABA https://t.co/ipQlBMId9o",Eruditi0DTE,2023-02-01
15882,2023-01-25 18:42:26+00:00,1.61831839389517e+18,"📈 Performance of some of the fellow traders of our Community .
https://t.co/dqoVdzKwgc
Calculated risk ,Great Analysis, Regular Alerts🚀

🎉

$SPY $TSLA $SHOP $AMZN $NVDA $ROKU $EBAY $BB $MRNA $NOK $OXY $CRON $DGLY $PENN $GMBL $CRM $BA $WKHS $NIO $TWTR https://t.co/8WIZddWpAv",nappedonthebed,2023-01-25
38626,2023-01-08 08:10:16+00:00,1.611998707578458e+18,"NVIDIA Corporation is Stock of the Day on #LunarCrush!

Galaxy Score™ 63.5/100
AltRank™ 38/702
Price $148.59  +4.164%  

View real-time #nvidiacorporation metrics at https://t.co/jpf1Bcalrd $nvda",EngrSalman_khan,2023-01-08
82933,2022-12-06 01:45:11+00:00,1.5999430004778312e+18,"$nvda Top analyst price target for next week.!
https://t.co/oj0WUaLOoW",MaryAnn08121861,2022-12-06
80724,2022-12-07 16:31:42+00:00,1.6005284870890004e+18,"$NVDA  
  Top Analyst price target,  next day,,,,🚀
👉 https://t.co/3yAEZ2UcpR    .",TradingAlert4,2022-12-07
90778,2022-11-30 14:24:26+00:00,1.5979597459895951e+18,"$NVDA Top analyst price target for next week;;~
🔗https://t.co/NA3gmDbfcK",CryptoNFTgive,2022-11-30
77055,2022-12-09 18:22:51+00:00,1.6012812337321206e+18,@KingYedidYahTRD I traded $NVDA today without success. Might have to look into what you just said.,MiguelAChicago,2022-12-09
28281,2023-01-17 12:06:12+00:00,1.6153195733052006e+18,"To share trading point of view join here 
https://t.co/dqoVdzJYqE

$BABA $TSLA $GME $NVDA $FUBO $ZM $AMZN $SHOP $PLUG $TTD $AAPL $AMD https://t.co/Hyx4biu8K5",nappedonthebed,2023-01-17
82925,2022-12-06 02:02:47+00:00,1.599947431554138e+18,"$NVDA  Guys, Don't miss the next move in a few hours.🎯https://t.co/5VHi9NjDml",Admeral23060336,2022-12-06
95755,2022-11-25 03:01:24+00:00,1.595975914197635e+18,"@MarketRebels $NVDA (big bounce), $CRWD (earnings this week), $DIS (recovering?)",JasonB1226,2022-11-25
87425,2022-12-02 13:51:50+00:00,1.5986763173101568e+18,"Todays Market Sentiment
IMO:
Feel the market will simply small pop at the open for
Mid/Large Cap stock
Then look for decent pullback followed by GRIND D/S

$BTC DOWN TODAY

Stocks I'm going to play
$AVXL $COIN $NVDA $VEEV 

See you in #ACT Will be writing my opinions down on 12 https://t.co/nvceQbvcbe",AjTrader7,2022-12-02
2501,2023-02-03 17:12:13+00:00,1.6215571794077942e+18,"Most Profitable trading community 
Join our discord group 
https://t.co/LzwYLosqbb

$SPY $TSLA $NIO $EYES $QQQ $UVXY $ES  $FB $BA $GME $NVDA $AAPL $SOL  $AMZN $ORCL $PM $PT $S $SQ $MRO $F https://t.co/J3pdMqssIi",vaikunt305,2023-02-03
95649,2022-11-25 08:00:21+00:00,1.5960511478103818e+18,Actualizamos el estado de nuestra estrategia! estamos en un +11.96%: $INMD $NVDA $ISRG $RMS.PA $CPRT https://t.co/zB7Ruau24r,_StockAdvisor_,2022-11-25
59067,2022-12-23 13:32:12+00:00,1.6062815207334584e+18,"NEWS: $NVDA Nasdaq Bear Market: 1 Stunning Growth Stock to Buy Like There's No Tomorrow 
    https://t.co/hkmgDSAmKS
     #MWN #Stocks @ExactOptionPick @KishanToo978  $DEFTF $CPMD $AMC $BLI  via @marketwirenews",myautoimmune,2022-12-23
89429,2022-12-01 14:11:25+00:00,1.5983188552771297e+18,"$UNFI 
Crhistmas surprise is on the way💸

Just HODL GALA/USDT✔️

Your portfolio will be three-fold🚀

For best entry and targets🎯,
Join now❤. . https://t.co/izlO7iGeSE

$BTC $ETH $DOGE $BNB $XRP 
$LTC $MOB $IQ $LINK $COSM
$LEVER $VIDT $CELO $IQ $FLUX
$DOGE.X $SPY $NVDA $TSLA https://t.co/KvLQh5FbwL",Dominic42422840,2022-12-01
61654,2022-12-22 02:24:04+00:00,1.6057509905436754e+18,"$AEMD $SPY $V $PLUG $HD $WMT $EOD $PENN $BABA $NVDA $V $AMD $PT $WMT $FSLY $PYPL $BA $BLDP $AMC $BP 

!!!Start trading with us!
https://t.co/nbm9ktQ1Gl https://t.co/AWBq5NL0rQ",Ajith5930,2022-12-22
35359,2023-01-10 21:30:22+00:00,1.6129248387165184e+18,"$NVDA: 159.1[329632 -100.0%] × 1.00 = $1.24K [-$2.57M] 0%
$QCOM: 116.9[254.8 -54.1%] × 100 = $91.3K [-$108K] 0%
$RCL: 58.93[449.7 -86.9%] × 50.0 = $23.0K [-$153K] 0%
$TSLA: 118.8[103.0 +15.4%] × -1.00K = -$928K [-$124K] -3%
$TSM: 81.27[2881 -97.2%] × 50.0 = $31.7K [-$1.09M] 0%",hkinvestmentbot,2023-01-10
67170,2022-12-17 08:44:05+00:00,1.6040346850213437e+18,"Excited for the start Tomorrow!! So many great setups 📈
🎯Learn how to trade the right way 
https://t.co/mLT9F7XkfL
$AMZN $AAPL $BA $BABA $FB $TSLA $MSFT $ROKU $NKLA  $SPY $TDOC $COST $ZM $NVDA $BYND $SNAP $TGT $PYPL  $QQQ $XLP  $NIO $SQ https://t.co/pymwx9KFPy",sharkdad81,2022-12-17
48302,2022-12-31 01:24:46+00:00,1.60899755847048e+18,"*Make as much as you want, i've made 35K+ last week. Best room on the net  
https://t.co/LzwYLosY0J

$AAPL $TSLA $GEVO $QQQ $MSFT $AMD $UAL $PLUG $INO $PTON $CSCO $INTC $NVDA $SQQQ $TQQQ $SPCE $AZN $FMCI $AAL $BA $NKLA $LULU $TIF $TRIL $ITCI $NNOX $AEO $INSG $NLS $WKHS $WORK https://t.co/dn2cQ75m2h",vaikunt305,2022-12-31
48481,2022-12-30 22:44:26+00:00,1.608957209064661e+18,"Some great closing numbers from 2022:

$TSLA  -65.4%
$META -64.2%
$PYPL  -62.6%
$NFLX  -51.7%
$NVDA -50.3%
$AMZN -49.5%
$GOOGL -38.9%
$MSFT  -28.3%
$AAPL   -27.0%
and
$MRK  +44.6
$CVX  +52.0%
$COP  +66.3%
$XOM  +78.4%
$OXY  +114.8%",Markets_Options,2022-12-30
74045,2022-12-12 16:02:26+00:00,1.602333060116136e+18,"Most Active Stocks:
$TSLA $171.87  -$7.18
$HZNP $111.75  $14.46
$AAPL $141.87  -$0.29
$WBD $11.255  $0.165
$AMD $68.96  $0.37
$AMZN $88.24  -$0.85
$COUP $78.685  $16.595
$NVDA $171.15  $1.14
$CCL $8.94  $0.07
$F $13.24  $0.06",Tweetologist3,2022-12-12
571,2023-02-05 18:45:58+00:00,1.6223055484052767e+18,"TRADE IDEA⚔️ #PRESSIT
TICKER📈 $NVDA 
LONG TRIGGER🔫217.45
LONG PT🎯230.65
SHORT TRIGGER🔫207.86
SHORT PT🎯195.90 https://t.co/tYIZb8azeQ",RealJuicyTradez,2023-02-05
67907,2022-12-16 17:30:41+00:00,1.6038048215044137e+18,"Tired, but happy to ownthese
$DOGECOIN
$XVG
$TRUMP
$CAKE
$MOON
$NVDA
$PACKAGE
$DOGEMV
$MULTI
$ERTHERUM
$TSLA
$LLAMA
$HIGHVOLTAGE
$DOGE
$COTI
Follow for MORE!🤢🙂 https://t.co/dyttM4fgbh",DogeMultiverse,2022-12-16
42859,2023-01-04 17:28:25+00:00,1.6106896192506143e+18,@DZierler 🔥🍻🥂$KOPN is giving me $Nvda vibes,Johnbenny101,2023-01-04
83371,2022-12-05 18:25:41+00:00,1.599832398723793e+18,"Most Traded Contracts

$AAPL 09 December $150 Call
$AAPL 09 December $152.50 Call
$AAPL 09 December $155 Call
$LAZR 09 December $8.50 Call
$TSLA 09 December $180 Put
$TSLA 09 December $185 Put
$NVDA 09 December $170 Call
$AMZN 09 December $95 Call
$TSLA 09 December $190 Call",NewsSquawker,2022-12-05
57138,2022-12-25 19:19:14+00:00,1.607093631739134e+18,"$CEMI $SPY $TSLA $SHOP $AMZN $NVDA $ROKU $EBAY $AMD $BB $DAL $DOW $KODK $AAPL $ESE $SPCE $FCEL $TRIP $BYND
Most profitable trading COMMUNITY https://t.co/tXysTF2CeA https://t.co/ylU7LOHeuH",Keanu5004,2022-12-25
51328,2022-12-29 09:05:41+00:00,1.6083887779024937e+18,"#NVIDIACorp $NVDA Last 24 months Daily #StockMovement Line #Chart
Max downward movement was -9.47%
Max upward movement was 14.33%
Stock majorly moved between -3.37% and 3.28%
Start #investing in #GlobalStocks at https://t.co/peLniHQjpl 
#Investor https://t.co/CGzSYyhnvP",AbhipraGroup,2022-12-29
86942,2022-12-02 17:21:08+00:00,1.5987289897531064e+18,"$SPX $SPY $AMZN $AAPL $AMD $FB $SHOP $BYND $NVDA $GOOGL $MSFT $TSLA $BA $CMG $INTC $NFLX $JPM $BAC $YM
Was able to close it for a 100%profit. https://t.co/ZBTRgq18CE https://t.co/OYpoCFUni8",Smith28301,2022-12-02
9127,2023-01-30 20:25:32+00:00,1.6201562800810885e+18,"$nvda  ALL THESE LEVELS POSTED AHEAD OF TIME BEFORE THE MARKET OPENED;-
https://t.co/clwEdjRocT",AngieShippy,2023-01-30
18729,2023-01-24 03:06:14+00:00,1.6177204039585915e+18,"@Flynnskey if market holds up here, $AMD, $NVDA, $TSLA all look ready for more room up 📈 if we can’t get over 402 tomorrow, I can see a sell off back down to 396 demand",stealingPremium,2023-01-24
50269,2022-12-29 20:16:04+00:00,1.6085574834167726e+18,"The best place for Traders to Gain  
https://t.co/tXysTF2CeA

$SPY $AMZN $NVDA $BA $BABA $AMD $NFLX $FB $USO $DAL $UGAZ $DIS $QQQ $TSLA $AAPL $AAL $UBER $TWLO $TWTR $TVIX https://t.co/CddKLTOpxH",Keanu5004,2022-12-29
41140,2023-01-05 20:23:41+00:00,1.6110961173068513e+18,"Trending: S&amp;P 500

$AMZN -1.80 %
$AAPL -0.87 %
$TSLA -2.67 %
$NVDA -2.83 %
$MRK 1.25 %
$AXP -2.64 %
$TGT 0.88 %
$MSFT -2.57 %
$DIS 0.08 %
$CRM -2.55 %

https://t.co/WV3qS0l6fi",FrenzyCapital,2023-01-05
26428,2023-01-18 13:55:32+00:00,1.6157094792736276e+18,"Todays Watchlist 👇🚨

$TSLA   $MARA   $COIN
$TSM   $OSH   $NFLX
$SQ   $NVDA   $AMD

Always manage your risk and take profits when profits come!

SEE MONEY, TAKE MONEY! #InvestrWatchlist",InvestrTrades,2023-01-18
26743,2023-01-18 07:45:33+00:00,1.6156163668531036e+18,"$QCOM
#WINNER
https://t.co/dqoVdzJYqE
Another early long entry on this one from our levels. Price flew past our target. #satisfied 

$SPY $NDX $IWM $QQQ $BTC $ETH $AAPL $TSLA $AMC $ROKU $AFRM $MRNA $NURO $AMD $NVDA $NFLX $PLTR $UPST $SNAP https://t.co/xSi9MRamdy",nappedonthebed,2023-01-18
87900,2022-12-02 08:59:29+00:00,1.598602745266815e+18,"Couple of stats and quotes for the week ahead.

Join our discord:https://t.co/kxatvTVULu

$ES_F $NQ_F $YM_F $SPY $SPX $QQQ $TLT $FB $AMZN $AAPL $NVDA $NFLX $GOOGL $TSLA $XLK $XLE $XLF https://t.co/HSnaBK17C7",philip30964,2022-12-02
56401,2022-12-26 16:34:15+00:00,1.6074145007095235e+18,"Great day to trade. Have fun!! 
https://t.co/340jMn8Y0n
$NIO $ITUB $EDU $AMC $MMAT $FCEL $UVXY $PALT $T $RIG $VXX $OXY $IWM $ENG $SEEL $NAK $XOM $TSLA $WISH $NVDA $BABA $MRO $xmr $matic https://t.co/fIbde4sPm1",considi2,2022-12-26
11703,2023-01-28 06:27:26+00:00,1.6192205893231124e+18,"learn trading, get alerts, ideas, updates, analysis ❤️❤️🙏🙏👇👇
https://t.co/ZBTRgq18CE

$AMD $NVDA $TSLA $NDX $SPY $AAPL $BABA $NFLX $ROKU $BA $COST $MCD $WMT $FB $VIX $ES $DKNG $ADBE $UAVS $CETX $DGLY https://t.co/frDbvwgoQR",Smith28301,2023-01-28
7057,2023-02-01 02:25:02+00:00,1.6206091382409298e+18,"ALWAYS zoom out the chart to see what’s really going on. 
https://t.co/dqoVdzKwgc

$LCID $AMZN $MSFT $HCMC $AAPL $SPY $TSLA $FB $GOOG $BABA $SQ $NFLX $NVDA $BTC $SHOP $AMC $GME https://t.co/ra563CmyFP",nappedonthebed,2023-02-01
22083,2023-01-21 19:49:30+00:00,1.6168857196116296e+18,$nvda   *Top analyst price target for the week.🔗 https://t.co/9hQxnturQT,TroyAda06584292,2023-01-21
20898,2023-01-23 06:47:57+00:00,1.6174138124577219e+18,"$NVDA  Top analyst price target for next week... --&gt;🚀
https://t.co/Ghd3W9t0Fa",MaryMit78504868,2023-01-23
98441,2022-11-22 18:00:08+00:00,1.595114924476625e+18,"$BABA $TSLA $TAOP $JFK $CEMI $SPY $QQQ $SHOP $AMZN $NVDA $ROKU $EBAY $AMD $BB $DAL $DOW $KODK $AAPL $ESE
Most profitable trading community https://t.co/xcpbp36npa https://t.co/tZ3M01FeFh",skitontop1,2022-11-22
27345,2023-01-17 20:37:40+00:00,1.6154482883833405e+18,"The best place for Traders to Gain  
https://t.co/TKFgtEOJzZ
$SPY $AMZN $NVDA $BA $BABA $AMD $NFLX $FB $USO $DAL $UGAZ $DIS $QQQ $TSLA $AAPL $AAL $UBER $btc https://t.co/1ZBivyg9eL",SusanSouth13,2023-01-17
81675,2022-12-06 22:15:35+00:00,1.6002526411115151e+18,"Couldn’t be any more proud of the team we have built! 💯

Beautiful trades across the board and just love to see all the profits and messages we have received.❤️ 

$SPY $SPX $ROKU $TSLA $QQQ $NFLX $GOOGL $NVDA https://t.co/tyvxi5O1tF",BullTradeFinder,2022-12-06
1554,2023-02-04 15:19:21+00:00,1.6218911631573975e+18,"Furu topstonks just tweeted about $NVDA at stock price 210.67$!

Build bulletproof stock baskets around your favorite stocks on our free app! https://t.co/iI7BvZSwjf https://t.co/af66Rj68hK",furualerts,2023-02-04
80736,2022-12-07 16:23:57+00:00,1.6005265370607165e+18,"Top Chatroom
https://t.co/tXysTF24p2
Join for both FREE &amp; PREMIUM SERVICE!

🗣️👥👤
$SPX $SPY $AMZN $AAPL $AMD $FB $SHOP $BYND $NVDA $GOOGL $MSFT $TSLA $BA $CMG $INTC $NFLX $JPM $BAC $YM $YM_F $NQ $NQ_F $ES $ES_F $GC $GLD $QQQ $WMT $SQ $TLT $BABA $BIDU $ROKU $RTY $IWM $VIX https://t.co/IpAHgGvCdo",Keanu5004,2022-12-07
53425,2022-12-28 03:42:35+00:00,1.6079450773592474e+18,@Yeti_N_MeatBall $NVDA weekly chart shows more pain incoming! imho,rj34704726,2022-12-28
57854,2022-12-24 13:45:39+00:00,1.606647292798587e+18,$NVDA  Top analyst price target for the week &gt;~ https://t.co/QlP8AWVgSG,bmtraders07,2022-12-24
41399,2023-01-05 16:58:37+00:00,1.6110445099951104e+18,"$nvda Top analyst price target for next week::~
https://t.co/jbkggPFX37",ClintPr13651203,2023-01-05
80955,2022-12-07 13:55:58+00:00,1.60048929571806e+18,"$MKGP$0.162- RED-HOT-OTC-stocks ((NEWS)) Acquires 3rd largest oil field in Colorado- Stock is soaring...

$AMZN $TSLA $WMT $TGT $NVDA $SPY $GLD $EBAY $AAPL $META $TWTR $GS $S $GOOG $DIS  $IBM $MSFT $GOOGL  $BIDU $VZ $ADBE $AMAT $ADSK $AVGO $BABA  $CDNS

https://t.co/vIbnSkphLq",Drugdoctor2014,2022-12-07
56574,2022-12-26 14:00:28+00:00,1.6073757971695862e+18,"All that you need to know., Shorts haven't covered a single share. 

https://t.co/5gPN3FxSvj

$TSLA $NKLA $ROKU $AAPL $JPM $AMZN $MSFT $ZM $FB $NVDA $DAL $AMD $RMTI $SLV 
$HSBC $BAC $CLSK $ILMN $QQQ $BA $UAL $AAL $TQQQ $MVIS $GOOG https://t.co/FcQkajiSOw",Stocktraders14,2022-12-26
99649,2022-11-21 18:31:51+00:00,1.5947605201075814e+18,"Thanks again for $BA and $AMZN 🙏❤️Thanks again for $BA and $AMZN 🙏❤️

https://t.co/MmIMKIZcDF

$ROKU $AYRO $NKLA $SAVE  $CACC $ESE $SPCE $FCEL $TRIP $BYND $MRNA $NOK $OXY $CCL $CRON $RCL $DGLY $HTZ $PENN $GMBL $CRNC $RGR $KTOV $GNUS $BA $FCEL $ZI $Z $ZM $NVDA $TSLA https://t.co/6kunhiD4uh",skitontop1,2022-11-21
53579,2022-12-28 01:20:54+00:00,1.607909423741272e+18,"$NVDA Top analyst price target for next week
 https://t.co/B3lNVj57HD",LisaYokley3,2022-12-28
97935,2022-11-22 23:49:23+00:00,1.5952028182560317e+18,"Trending: Nasdaq 100

$NVDA 4.88 %
$TSLA 1.26 %
$AMD 4.15 %
$BIDU 0.51 %
$GOOGL 1.37 %
$ADI 5.50 %
$ZM -4.10 %
$AAPL 1.37 %
$AMZN 0.69 %
$INTC 2.97 %

https://t.co/WV3qS0lE4Q",FrenzyCapital,2022-11-22
19726,2023-01-23 18:21:58+00:00,1.6175884683052564e+18,"“Invest in what you consume” - Sha Osman

https://t.co/iIzH8i1k55

$LCID $AMZN $MSFT $HCMC $AAPL $SPY $TSLA $FB $GOOG $BABA $SQ $NFLX $NVDA $BTC $SHOP https://t.co/kkvq1wkFwG",jash44476703,2023-01-23
43429,2023-01-04 11:38:07+00:00,1.6106014632267162e+18,$NVDA  *ALL THESE LEVELS POSTED AHEAD OF TIME BEFORE THE MARKET OPENED..   https://t.co/WsR6mJFQjV,Peter29719886,2023-01-04
39621,2023-01-06 20:29:04+00:00,1.611459857965523e+18,"*Make as much as you want, i've made 35K+ last week. Best room on the net  
https://t.co/dqoVdzJYqE

$AAPL $TSLA $GEVO $QQQ $MSFT $AMD $UAL $PLUG $INO $PTON $CSCO $INTC $NVDA $SQQQ $TQQQ $SPCE $AZN $FMCI $AAL $BA $NKLA $LULU $TIF $TRIL $ITCI $NNOX $AEO $INSG $NLS $WKHS $WORK https://t.co/SClAqetU1o",nappedonthebed,2023-01-06
91304,2022-11-30 00:06:06+00:00,1.5977437380882268e+18,Building after big moves off the lows. Up or down from here? $AMD $NVDA https://t.co/f8RIiBcOjU,Dvogel4,2022-11-30
9910,2023-01-30 13:18:54+00:00,1.6200489115274813e+18,"Most Profitable trading community 
Join our discord group 
https://t.co/NINXxMSIEd
$SPY $TSLA $NIO $EYES $QQQ $UVXY $ES  $FB $BA $GME $NVDA $AAPL $SOL  $AMZN $ORCL $PM $PT $S $SQ $xrp https://t.co/YBjIt36RXj",MURALIE622,2023-01-30
13932,2023-01-26 22:44:06+00:00,1.6187416001796096e+18,"Nice rally on NEV stocks. Also closed my $nvda options at my target. $unh lurched towards to high but fell back, so did $spx. Optimistic to close both for a nice profit tomorrow #OptionsTrading",trades_james,2023-01-26
14105,2023-01-26 21:27:01+00:00,1.6187221979878072e+18,@gurgavin $INTC Doesn’t have the FOMC.  Wonder how many awful earnings and guidances it will take to turn this market pump job.  $AAPL $NVDA,BoozeNBiscuits,2023-01-26
48150,2022-12-31 04:21:04+00:00,1.6090419283849216e+18,"Follow us to get instant updates and free trading analysis 
https://t.co/CKzd0Y0NRy

$SPY $NDX $IWM $QQQ $BTC $ETH $AAPL $TSLA $AMC $ROKU $AFRM $MRNA $NURO $AMD $NVDA https://t.co/3XUjAKnd9W",Smith28301,2022-12-31
36360,2023-01-10 03:54:28+00:00,1.6126591118204068e+18,$NVDA   Top analyst price target for the week📉🚀 https://t.co/u7OZHZJKwW,stockbest2,2023-01-10
12559,2023-01-27 18:03:12+00:00,1.6190332965451325e+18,Need Fast Computer? i9 12900K #Gaming PC - Nvidia $NVDA RTX 4090 - 32GB RAM - 1TB SSD - 1000Watt EVGA https://t.co/sZCh0Yyd1i - Buy on eBay #Computer #ad https://t.co/6CLzh26iTq,Stock_Market_Pr,2023-01-27
87647,2022-12-02 12:21:12+00:00,1.5986535090121605e+18,"Join us at  the Best  Crypto Traders Group🤑💰
Discord 👉
https://t.co/45hYG1F3f8
(14 Days Free Trial) 

$BTC $ETH $DOGE $BNB $XRP 
$LTC $MOB $IQ $LINK $COSM
$LEVER $VIDT $CELO $IQ $FLUX
$DOGE.X $FIDA $NEBL $SPY $NVDA $TSLA $trx https://t.co/es7oy3ZWrj",MillaTuckett,2022-12-02
63164,2022-12-21 02:43:35+00:00,1.6053935141410324e+18,"12/19/22-12/19/22 P&amp;L in Discord ⚡️
$TSLA Calls
$4–&gt;$5.8 ✅
45% Gain 
$TSLA PUTS 
$3.5–&gt;$7 ✅
100% Gain
$TSLA Puts 
$4.5–&gt;$7✅
60% Gain
$NVDA Puts
$2–&gt;$3 ✅
50% Gain

Link is below to join ⤵️

https://t.co/NGJuAhAXV5",MrMikeInvesting,2022-12-21
45797,2023-01-02 20:26:43+00:00,1.6100097142422405e+18,"“Most winning trading community, Get next winning alerts here:https://t.co/dqoVdzJYqE

$SPY $QQQ $AMZN $NVDA $BA $TSLA $BABA $AMD $AAPL $NFLX $TWTR $AAL $NIO $INO $OXY $CCL $FB $USO $DAL $TWLO $UGAZ $DIS $ROKU $TVIX $CRON $DJIA $SPX $TLRY $SQ $MSFT $GLD $BYND $SRNE $SPCE https://t.co/bvJUeTDBnc",nappedonthebed,2023-01-02
67318,2022-12-17 03:46:52+00:00,1.6039598893609329e+18,"https://t.co/tXysTEKt0s
Join now
$TSLA $NVDA  $MU $AMZN $MSFT $BABA $NFLX $ADBE $AXP $IBM $CSCO $CVX $INTC $DD $DIS $MCD $MMM $PG $TRV $UNH $NKE $UTX $VZ $WBA $WYNN $XLNX $ACN $FB $NFLX $DLTR $EA $SPY $SPX $DJIA $HD $GS $BA $GDX $VZ $WDC $AMD $ADSK $V $CAT $JPM https://t.co/GBjmDWRk73",Keanu5004,2022-12-17
95823,2022-11-25 00:44:00+00:00,1.5959413354832568e+18,"Stifel Nicolaus raised its price objective on $NVDA from $165.00 to $175.00 in a research note, according to The Fly. #stocks #invest #NASDAQ
https://t.co/zstCrpNvXC",GeorgekiKim,2022-11-25
54445,2022-12-27 18:47:38+00:00,1.6078104544573112e+18,"Trending: Nasdaq 100

$TSLA -8.92 %
$AAPL -1.46 %
$AMD -1.61 %
$MSFT -0.73 %
$AMZN -2.15 %
$NVDA -6.06 %
$GOOGL -2.18 %
$PYPL -0.83 %
$NFLX -2.83 %
$CSX -0.08 %

https://t.co/WV3qS0l6fi",FrenzyCapital,2022-12-27
17684,2023-01-24 17:38:30+00:00,1.6179399141083177e+18,$nvda  'Top analyst price target for next week...💸💵  https://t.co/CJxQmvmBqw,Olivia21403620,2023-01-24
90267,2022-11-30 20:29:02+00:00,1.5980514996698604e+18,Of course i cut my $nvda 160C too early man. But once it hit 161 i sell em. Tryna practice better habits and take money. Cuz i will let a play go red smh. So i happy bout that lol,ducked_off_REG,2022-11-30
37334,2023-01-09 15:07:23+00:00,1.612466066340434e+18,"DailyUp5
$NCNO $27.01 6.76% 2.16% 9.66% -25.53% 54.73
$NET $42.67 6.95% -5.61% -2.12% -29.49% 44.85
$NIO $10.96 5.69% 12.41% -17.22% -34.49% 49.58
$NVDA $158.20 6.47% 8.25% -1.04% 20.15% 53.26
$NVTA $2.10 5.28% 12.63% -17.84% -26.75% 49.22",cho_wilfred,2023-01-09
18559,2023-01-24 06:04:04+00:00,1.6177651580630712e+18,$NVDA  Ill be watching you... 🔥 https://t.co/MJVtd5z4KQ,TeamRVRTrading,2023-01-24
63699,2022-12-20 19:03:58+00:00,1.6052778484655596e+18,"“Most winning trading community, Get next winning alerts here:https://t.co/dqoVdzJYqE

$SPY $QQQ $AMZN $NVDA $BA $TSLA $BABA $AMD $AAPL $NFLX $TWTR $AAL $NIO $INO $OXY $CCL $FB $USO $DAL $TWLO $UGAZ $DIS $ROKU $TVIX $CRON $DJIA $SPX $TLRY $SQ $MSFT $GLD $BYND $SRNE $SPCE https://t.co/XM0jLQhZu5",nappedonthebed,2022-12-20
92581,2022-11-28 21:48:17+00:00,1.5973466676064215e+18,"11/29 watchlist. trade at your own risk

$TSLA &gt; 185.95 &lt; 181.8. DP @ 183.35 aggressive call trigger
$NVDA &gt; 160 &lt; 157.62 (DP). DP @ 158.27
$NFLX &gt; 282.8 &lt; 280.25. descending broadening wedge

https://t.co/ifZmkaPJrE

@BlackBoxStocks @HellsBellsBBS @benderprofitbox @DaSunman8 https://t.co/5FFaUFleA3",MrStonkington,2022-11-28
23853,2023-01-20 11:29:01+00:00,1.6163973805675889e+18,"Live Day-Trading room, Free access this room and get live alerts. Check out now..https://t.co/tXysTF2CeA

$BABA $FB $BRK.B $BRK.A $TSM $V $WMT $JNJ $TSLA $PG $MA $NVDA $HD $JPM $CRM $PYPL $NFLX $MRK $INTC $CMCSA $KO $BAC $T $PFE $NVS $NKE $SAP $TM $PEP $ABT https://t.co/rOusNKeAuQ",Keanu5004,2023-01-20
63120,2022-12-21 03:22:12+00:00,1.6054032324650353e+18,$NVDA 160.00 is big.. https://t.co/3jfZf52UDT,DBook_Trading_,2022-12-21
83,2023-02-06 06:01:44+00:00,1.6224756091453317e+18,"Most mentioned tickers in #WSB in last 1H

1. $SPY (16)
2. $YEAR (5)
3. $TSLA (5)
4. $ES (3)
5. $CORN (3)
6. $SAM (2)
7. $TOP (2)
8. $Z (2)
9. $META (2)
10. $NVDA (2)

https://t.co/InT5oXXyaY https://t.co/VT9D2uxxET",stocksera_bot,2023-02-06
15488,2023-01-26 00:59:10+00:00,1.618413201946968e+18,"ALWAYS zoom out the chart to see what’s really going on. 
https://t.co/dqoVdzKwgc

$LCID $AMZN $MSFT $HCMC $AAPL $SPY $TSLA $FB $GOOG $BABA $SQ $NFLX $NVDA $BTC $SHOP $AMC $GME https://t.co/sNCcLFytDh",nappedonthebed,2023-01-26
8148,2023-01-31 13:40:04+00:00,1.6204166289651466e+18,"$nvda Top analyst price target for next week
https://t.co/La0QX6gb1Q",William06829674,2023-01-31
18670,2023-01-24 04:02:03+00:00,1.6177344491727094e+18,"Real-time trading alerts from our team of seasoned professionals, best trading room and global trading community. Check out today...https://t.co/dqoVdzKwgc

$SPY $QQQ $AMZN $NVDA $BA $TSLA $BABA $AMD $AAPL $NFLX $TWTR $AAL $FB $USO $DAL $TWLO $UBER $UGAZ $DIS $ROKU $TVIX $CRON https://t.co/e8Aj3dFbW7",nappedonthebed,2023-01-24
71246,2022-12-14 13:54:38+00:00,1.603025676642181e+18,"⭐⭐⭐ Alert Statistics
https://t.co/A7cDKElIHi

https://t.co/MmIMKJgO2f
🔶 26 Wins - 4 Losses
🔶 86.67% Win Rate
🔶 Monthly Earnings:616.58%

$SPY $TSLA $SHOP $NVDA $ROKU $EBAY $AMD $BB $DAL $QQQ $ZNGA $AAPL $ESE $SPCE $FCEL $BYND $MRNA $PENN $GMBL $CRM $BA https://t.co/QoFmGwTvaC",skitontop1,2022-12-14
48087,2022-12-31 05:15:00+00:00,1.6090554983678075e+18,"$AMZN $SPY $V $PLUG $HD $WMT $EOD $PENN $BABA $NVDA $V $AMD $PT $WMT $FSLY $PYPL $BA $BLDP $AMC $BP 

!!!Start trading with us!
https://t.co/LzwYLosY0J https://t.co/YmXsXMn10T",vaikunt305,2022-12-31
73613,2022-12-12 20:20:02+00:00,1.6023978879204106e+18,"【過去記事】NVDAショックの時からずっと握り続けてる人いる？ https://t.co/1EP3pE0qaJ
$NVDA",beikabusokuho,2022-12-12
66863,2022-12-17 23:55:06+00:00,1.6042639501994557e+18,"前日比(率) -$(-%
含み損益合計(率) +$31990(+27%
合計額 $149284

年確定損益 +$1808-税

含み損益(率
$SPYD 2000株 +$25340(+47%
$HDV 430株 +$6785(+18%
$QQQ 33株 -$433(-4%
$AGG 37株 -$76(-2%
$VYM 99株 +$224(+2%
$NVDA 16株 +$151(+6%",investo43887929,2022-12-17
37187,2023-01-09 16:05:48+00:00,1.6124807686005883e+18,"$NVDA $SPY looks like they are trying to reach back to their 200 MA, on low volume, and then downtrend channel. 
Not too sure about $TSLA pt but the concept is still the same. i do not think that it would go sub $100 or to $60 as most of the structure and volume is there",dandanta4,2023-01-09
44611,2023-01-03 16:48:32+00:00,1.6103171975653704e+18,"Trending: Semiconductor

$NVDA -3.07 %
$AMD -1.17 %
$INTC 0.87 %
$WISA -14.56 %
$MU 0.20 %
$SEDG -0.07 %
$SOL -2.65 %
$MCHP -1.41 %
$SLAB -1.65 %
$SITM -3.18 %

https://t.co/WV3qS0l6fi",FrenzyCapital,2023-01-03
44232,2023-01-03 20:20:31+00:00,1.610370544230191e+18,"$QQQ $TAOP $JFK $CEMI $SPY $TSLA $SHOP $AMZN $NVDA $ROKU $EBAY $AMD $BB $DAL $DOCU 
Alerts before spikes and right as big news drops
Free discord chatroom:https://t.co/CKzd0Y0NRy https://t.co/26zH7mXSGm",Smith28301,2023-01-03
30357,2023-01-15 01:28:52+00:00,1.614434410480259e+18,"Most Profitable trading community 
Join our discord group 
https://t.co/NINXxMSaOF
$SPY $TSLA $NIO $EYES $QQQ $UVXY $ES  $FB $BA $GME $NVDA $AAPL $SOL  $AMZN $ORCL $PM $PT $S $avax https://t.co/NFh0MIyH4G",MURALIE622,2023-01-15
57412,2022-12-25 13:28:12+00:00,1.6070052907504476e+18,"$NVDA Top analyst price target for next week &lt;--🚀
https://t.co/cm8PRgEBMp",MrRabit8,2022-12-25
97342,2022-11-23 15:41:48+00:00,1.595442498943742e+18,"$QCOM
#WINNER
https://t.co/U9AUMKJpEP
Another early long entry on this one from our levels. Price flew past our target. #satisfied 

$SPY $NDX $IWM $QQQ $BTC $ETH $AAPL $TSLA $AMC $ROKU $AFRM $MRNA $NURO $AMD $NVDA $NFLX $doge $etc https://t.co/n5bqnNAJry",Trades75699329,2022-11-23
17828,2023-01-24 16:15:46+00:00,1.6179190943675884e+18,"$NVDA Top analyst price target for the week;~~
🔗https://t.co/myPImaGYGx",anjllessa,2023-01-24
69324,2022-12-15 18:06:19+00:00,1.6034514024367227e+18,"Trending: Semiconductor

$TSM -3.00 %
$AMD -3.23 %
$NVDA -4.95 %
$MU -4.78 %
$ARRY -6.45 %
$INTC -3.59 %
$ON -4.58 %
$ADI -3.02 %
$MXL -3.53 %
$SGH -2.04 %

https://t.co/WV3qS0l6fi",FrenzyCapital,2022-12-15
53264,2022-12-28 05:43:17+00:00,1.6079754520728945e+18,"Top Chatroom
https://t.co/CKzd0Y1lH6
Join for both FREE &amp; PREMIUM SERVICE!

🗣️👥👤
$SPX $SPY $AMZN $AAPL $AMD $FB $SHOP $BYND $NVDA $GOOGL $MSFT $TSLA $BA $CMG $INTC $NFLX $JPM $BAC $YM $YM_F $NQ $NQ_F $ES $ES_F $GC $GLD $QQQ $WMT $SQ $TLT $BABA $BIDU $ROKU $RTY $IWM $VIX https://t.co/OwlQsq4v8b",Smith28301,2022-12-28
2636,2023-02-03 16:02:02+00:00,1.62153951624584e+18,"Option Alert

NVDA $NVDA
Type: Put
Strike: 207.5
Volume: 3628
Open Interest: 2158

Visit site for more information about this option alert.

https://t.co/NtJSFCEItC",shortablestocks,2023-02-03
63191,2022-12-21 02:14:13+00:00,1.6053861246961295e+18,$nvda  *Top analyst price target for the week..📈📉🚀  https://t.co/9Z4cUIigel,KellyMi20165561,2022-12-21
71856,2022-12-13 22:30:48+00:00,1.6027931872147825e+18,"📈 Performance of some of the fellow traders of our Community .
https://t.co/dqoVdzKwgc
Calculated risk ,Great Analysis, Regular Alerts🚀

🎉

$SPY $TSLA $SHOP $AMZN $NVDA $ROKU $EBAY $BB $MRNA $NOK $OXY $CRON $DGLY $PENN $GMBL $CRM $BA $WKHS $NIO $TWTR https://t.co/WM7rTfqgw7",nappedonthebed,2022-12-13
72457,2022-12-13 16:04:57+00:00,1.602696084895109e+18,@AjTrader7 $4300 today $tsla $mrna $nvda.  Sold $mrna way too soo….still learning.  Thanks Aj. I appreciate you. Hopefully back on the green wagon. 👊🏻🙌🏻.,EricSchalkle,2022-12-13
38031,2023-01-08 23:50:37+00:00,1.6122353560231608e+18,"ALWAYS zoom out the chart to see what’s really going on. 
https://t.co/Qql6oCaX7G

$LCID $AMZN $MSFT $HCMC $AAPL $SPY $TSLA $FB $GOOG $BABA $SQ $NFLX $NVDA $BTC $SHOP $AMC $GME https://t.co/VHJ7q9erUn",dowjone620,2023-01-08
71891,2022-12-13 21:59:02+00:00,1.602785189943513e+18,"$CEMI $SPY $TSLA $SHOP $AMZN $NVDA $ROKU $EBAY $AMD $BB $DAL $DOW $KODK $AAPL $ESE $SPCE $FCEL $TRIP $BYND
Most profitable trading COMMUNITY https://t.co/tXysTF24p2 https://t.co/xdaXBW8l9c",Keanu5004,2022-12-13
99889,2022-11-21 15:55:11+00:00,1.59472109002197e+18,"Excited for the start Tomorrow!! So many great setups 

https://t.co/VGjQNchTMr

Learn how to trade the right way
$AAPL $BA $BABA $FB $TSLA $MSFT $ROKU $NKLA $SPY $ZM $NVDA $BYND $SNAP $T $TGT $PYPL $QQQ $XLP $NIO $SQ $META https://t.co/KIJd9FmLrL",Dipanksr12,2022-11-21
27697,2023-01-17 17:28:52+00:00,1.615400777874559e+18,"$49,000 a day keeps the 9  to 5 away ;: https://t.co/i3luevm9PR

$nvda",TradyWay99,2023-01-17
75405,2022-12-11 11:42:20+00:00,1.601905217230209e+18,"$SPY $QQQ $NDX $DIA $IWM $NFLX $FB $INTC $SMH $AAPL $NVDA $TSLA $ES $YM $AMZN $BA $GS $JPM $IBM $LRCX $C $GOOG 
Stay at home safe and earn money at home by trading marketplace safe.
Click here:https://t.co/A7cDKEmgwQ

https://t.co/MmIMKJhlRN https://t.co/Dt8W88j3EI",skitontop1,2022-12-11
44614,2023-01-03 16:48:29+00:00,1.6103171829443092e+18,"TRADING STATS FROM today 
https://t.co/UBe6L6eydz

$AMZN $AAPL $BA $BABA $FB $TSLA $MSFT $ROKU $NKLA $SPX $SPY $TDOC $COST $ZM $NVDA $BYND $SNAP $TGT $PYPL $V $TSLA https://t.co/pEjIFNmDvh",seeashon,2023-01-03
85584,2022-12-03 11:35:59+00:00,1.5990045166992138e+18,"Most profitable crypto community sarver with Live alert quality update ,free LESSONS ,best analysis and free trial join here. https://t.co/izlO7iGeSE

$BTC $ETH $BNB $XRP $DOGE 
$LTC $HOOK $MATIC $LINK $CHZ 
$ACA $QLC $HOOK $MFT $JOE 
$OAX $MOB $COCOS $PHB $TWT 
$SPY $NVDA $TSLA https://t.co/s7jqEoJmdC",Dominic42422840,2022-12-03
31749,2023-01-13 13:34:01+00:00,1.6138921215300854e+18,"Premarket Tickers on watch: 

$TSLA $BA $LMT $BABA $NVDA $APRN 

Premarket breakdown everyday 8:00-9:30am ET. Breakdown of the Macro Environment, Market, Commodities, FAANG &amp; then Individual names. Action plan for open, being charted &amp; written Live.

https://t.co/63TBxTo0eM",SpartanTrading,2023-01-13
90846,2022-11-30 13:34:00+00:00,1.5979470520879923e+18,"Helped me get my account green all time. Thanks https://t.co/DmyHFfcMZw
❤️👏📈☝️
$SPY $ES $ADBE $AMZN $MSFT $AAL $ROKU $BABA $CRM $GOOGL $FB $INTU $MRVL $ATVI $TWTR $ORCL $LRCX $AMD $NVDA $TSLA $NDX $QQQ $ES $DKNG $ADBE $TONJ $SHOP https://t.co/45dtl8ObjD",Vinesh00518,2022-11-30
60373,2022-12-22 18:35:53+00:00,1.6059955561192243e+18,"Intraday Options Volumes

$SPY 5.912m 42% call/58% put
$TSLA 3.268m 51% call/49% put
$QQQ 1.995m 40% call/60% put
$AAPL 938k 47% call/53% put
$NVDA 562k 37% call/63% put
$AMC 545k 47% call/53% put
$AMZN 526k 63% call/37% put
$TQQQ 431k 70% call/30% put",NewsSquawker,2022-12-22
12101,2023-01-27 21:53:09+00:00,1.6190911628071076e+18,$nvda dark prints https://t.co/M7xNjErJeL,StonkSleeper,2023-01-27
9483,2023-01-30 16:45:19+00:00,1.6201008597692948e+18,"$NVDA ALL THESE LEVELS POSTED AHEAD OF TIME BEFORE THE MARKET OPENED...~
🔗https://t.co/2lj6b4I63r",SoniaBo59982343,2023-01-30
37138,2023-01-09 16:23:07+00:00,1.6124851253208924e+18,"“Invest in what you consume” - Sha Osman

https://t.co/fBiRo2sAG2

$LCID $AMZN $MSFT $HCMC $AAPL $SPY $TSLA $FB $GOOG $BABA $SQ $NFLX $NVDA $BTC $SHOP https://t.co/YyOm4HlLul",Alvarez00110,2023-01-09
61692,2022-12-22 01:47:26+00:00,1.6057417730782208e+18,"Follow us to get instant updates and free trading analysis 
https://t.co/CKzd0YioJ6

$SPY $NDX $IWM $QQQ $BTC $ETH $AAPL $TSLA $AMC $ROKU $AFRM $MRNA $NURO $AMD $NVDA https://t.co/Kkk0vzvdKk",Smith28301,2022-12-22
82224,2022-12-06 15:45:05+00:00,1.6001543686358712e+18,$NVDA puts keep paying. Institutions keep unloading!,SaphiereMichael,2022-12-06
76068,2022-12-10 07:17:13+00:00,1.6014761107089736e+18,"$nvda ""$45,00 a day keeps the 9 to 5 away; For a limited time, we are opening our trading chat-room to the public&gt;~.!
https://t.co/rMVQhtgqjM",ClaraSherwood3,2022-12-10
84262,2022-12-04 21:41:37+00:00,1.5995193158242345e+18,"Couple of stats and quotes for the week ahead.

Join our discord:https://t.co/nbm9ktyqhL

$ES_F $NQ_F $YM_F $SPY $SPX $QQQ $TLT $FB $AMZN $AAPL $NVDA $NFLX $GOOGL $TSLA $XLK $XLE $XLF https://t.co/JnTYTpdMHX",Ajith5930,2022-12-04
63946,2022-12-20 16:26:23+00:00,1.605238193594458e+18,"$NVDA

Trend buyers out of gunpowder after the failed breakout https://t.co/6CcMNMV5FD",MarketCaptain_,2022-12-20
10927,2023-01-29 07:41:10+00:00,1.6196015321938493e+18,$NVDA 4hr view from 1.15.2023 Weekend update. Called for a next extension higher to take place  #Elliottwave #Trading https://t.co/w9rHDcaoLj,ElliottForecast,2023-01-29
24308,2023-01-19 23:02:50+00:00,1.6162095992661606e+18,"$MSFT strangle looking good
TRADING DAY MEMBER: drewishus
Join our Discord for more! - https://t.co/fkHREf7IDY
$NVDA $AMD $AMZN $DJI $DIS $HD $ES https://t.co/F5akNy02hg",TradingDay__,2023-01-19
43917,2023-01-04 01:35:25+00:00,1.6104497890487542e+18,$NVDA   Top analyst price target for the week&gt;~ https://t.co/bGyjyfR6wj,JaneGut570,2023-01-04
42057,2023-01-05 08:00:02+00:00,1.610908971782787e+18,"Spiking 🚀 Most tweeted stocks
➡ 05 January 2023 : 
1) $AMZN  
2) $SONY  
3) $META  
4) $BABA  
5) $TSLA  
6) $MSFT  
7) $AAPL  
8) $HSBC  
9) $NFLX  
10) $NVDA  

To learn more, visit :https://t.co/NdENbVpvlo",spiking,2023-01-05
55831,2022-12-27 01:17:28+00:00,1.607546170536231e+18,"$nvda Top analyst price target for next week&gt;&gt;💸💸💰💰
https://t.co/4r6miGvEYI",MintonRoderick,2022-12-27
83486,2022-12-05 16:39:35+00:00,1.5998056939844895e+18,"$NVDA $BA $AAL 

Sold for gains 🟢✅ https://t.co/m6nzGgvbKV",MoneyForFun_,2022-12-05
57622,2022-12-24 22:50:22+00:00,1.6067843740574392e+18,"S&amp;P 500 YEAR-TO-DATE:

$AAPL -25.7%
$MSFT -29%
$GOOGL -38.4%
$AMZN -48.9%
$META -64.9%
$TSLA -65%
$NVDA -48.3%
$AMD -55.1%
$NFLX -51%
$DIS -43.2%

$XOM +77.6%
$CVX +51.2%
$COP +67.3%
$OXY +120.6%

$LMT +36%
$RTX +15.4%
$NOC +38.1%

$LLY +33.2%
$MRK +46%",cheatcode_tv,2022-12-24
43224,2023-01-04 14:17:55+00:00,1.6106416793373778e+18,"ALWAYS zoom out the chart to see what’s really going on. 
https://t.co/dqoVdzJYqE

$LCID $AMZN $MSFT $HCMC $AAPL $SPY $TSLA $FB $GOOG $BABA $SQ $NFLX $NVDA $BTC $SHOP $AMC $GME https://t.co/8Preg57tYk",nappedonthebed,2023-01-04
23621,2023-01-20 15:20:38+00:00,1.6164556697791652e+18,"Get instant updates and free trials join here 

https://t.co/CtKpUg4iNS

$AMZN  $BABA $NVDA $TWTR $BTC.X $BTC.X $ROKU $INC $NKE $TOPS $XROP.X https://t.co/Nrx14DBaLI",Rahul04980546,2023-01-20
42191,2023-01-05 03:51:14+00:00,1.6108463563603804e+18,"Join the most profits trading alerts chatroom&gt;https://t.co/tXysTF24p2

$SPY $QQQ $NDX $DIA $IWM $NFLX $FB $INTC $SMH $AAPL $NVDA $TSLA $ES $YM $AMZN $BA $GS $JPM https://t.co/v3rta2R6FN",Keanu5004,2023-01-05
83257,2022-12-05 19:38:24+00:00,1.599850695011799e+18,$SPY $AAPL $NVDA $CAT $DBGI 🔥🔥🔥🔥 I posted nothing but free Bangers today I hope you appreciate me sharing my work ♥️♥️ I usually don’t do this  congratulations if you listened ✅✅ https://t.co/zkZ48I2yAq,TeamStackSS,2022-12-05
12123,2023-01-27 21:32:48+00:00,1.61908604349986e+18,"#Trading
#Technology #FinancialMarkets #Manufacturing 
#Neutral
$ATVI $MSFT $SNEJF $GOOG $NVDA 
2023/01/28 06:13
Activision Blizzard Analyst Sees Its Deal With...
https://t.co/gT5MEDUA76",RRli18,2023-01-27
